title,process,task,lead,message,flowSteps,body,keywords,relatedServices,sourceUrls
法人不動産の売却目的整理で最初に決めること,不動産売却,売却目的整理,売却目的を言語化すると、価格、期限、秘匿性、社内承認、買主探索の判断がぶれにくくなります。,法人不動産の売却は「いくらで売るか」より先に「なぜ売るか」を決める業務です。目的が曖昧なまま査定や媒介契約へ進むと、早期売却と価格最大化、情報開示と秘匿性、既存テナント対応と買主探索の優先順位が途中で揺れます。,売却目的を定義する|社内制約を棚卸しする|価格と期限の優先順位を決める|関係者と承認ルートを確認する|仲介会社へ共有する,売却目的を定義する::資金化、資産入替、遊休不動産処分、事業撤退、ポートフォリオ見直しなど、売却の起点を一文で書き出します。目的により、入札に向くか、特定買主との相対交渉に向くか、価格よりスピードを重視するかが変わります。|社内制約を棚卸しする::簿価、借入残高、抵当権、賃貸借契約、修繕履歴、既存テナント、稟議権限、税務影響を並べます。法人売却では、売主側の意思決定が遅れること自体が買主の不安材料になるため、先に制約を可視化しておくことが重要です。|価格と期限の優先順位を決める::希望価格、最低許容価格、早期売却時の価格レンジを分けておくと、査定額や買付価格への反応が速くなります。価格最大化、秘匿性、早期成約のすべてを同時に満たすことは難しいため、優先順位を社内で合意します。|関係者と承認ルートを確認する::経営会議、財務、法務、事業部、PM、テナント対応担当など、承認や確認が必要な関係者を整理します。売却活動中に追加承認が必要になると、買主との交渉やDD回答が止まりやすくなります。|仲介会社へ共有する::媒介契約前の打ち合わせでは、売却目的、許容価格、情報開示範囲、売却期限、既存取引先への配慮を共有します。最初に伝える情報が整理されているほど、提案される販売戦略や買主候補の質が揃いやすくなります。,法人不動産売却|売却目的整理|遊休不動産|資産入替|売却戦略|売却出口戦略,REMETIS|R.E.DATA|スマサテ,https://cvmax.jp/real-estate-sale/
売却前の物件情報整理：あとで詰まらない資料セットを作る,不動産売却,物件情報整理,登記、図面、契約、収支、修繕、法令制限を同じ粒度で整理すると、査定、物件概要書、買主DDの往復が減ります。,物件情報整理は、売却活動の速度と信頼性を左右する基礎工事です。資料が散らばったままだと、査定時、物件概要書作成時、買主からのDD質問時に同じ確認が繰り返されます。,資料リストを作る|一次情報を取得する|運用資料をそろえる|不足と差分を洗い出す|共有できる形に整える,資料リストを作る::登記事項証明書、公図、地積測量図、建物図面、確認済証、検査済証、固定資産税資料、賃貸借契約、レントロール、修繕履歴、管理委託契約をリスト化します。まず「何があるか」と「どこにあるか」を分けて管理します。|一次情報を取得する::権利関係や地番、面積、担保などは登記資料で確認します。古い社内資料だけで進めると、所有者、抵当権、地積、地目、地番が現況とずれていることがあります。法務局資料や登記情報を起点に確認します。|運用資料をそろえる::収益不動産では、賃貸借契約、敷金、賃料改定、フリーレント、滞納、原状回復、管理費、修繕履歴が価格やDDに影響します。売却資料だけではなく、運用実績として説明できる資料を集めます。|不足と差分を洗い出す::建築確認、検査済証、境界確認、越境、未登記部分、用途違反、修繕未実施事項など、不足や差分がある項目をメモ化します。不足資料を隠すのではなく、確認中事項として管理する方が後工程で説明しやすくなります。|共有できる形に整える::資料名、作成日、取得日、出典、最新版フラグを付けます。買主や仲介会社へ共有する資料と、社内確認用に留める資料を分けると、秘匿情報の漏れを防ぎやすくなります。,物件情報整理|登記簿|レントロール|修繕履歴|物件概要書|不動産DD,REMETIS|登記簿図書館|インデックスマップ＠クラウド|Musubell,https://smtrc.jp/useful/knowledge/sellbuy/2020_05.html|https://www.moj.go.jp/MINJI/minji02.html
売却価格査定の見方：取引事例、収益還元、AI査定をどう使い分けるか,不動産売却,売却価格査定,査定額は一つの正解ではなく、前提条件つきの価格レンジです。データと実査を分けて見ると社内説明しやすくなります。,売却価格査定では、取引事例比較法、収益還元法、原価法、AI査定、相場データを目的に応じて使い分けます。大切なのは、査定額そのものよりも、どの前提でその価格になったかを説明できることです。,査定目的を決める|比較データを集める|収益性を確認する|特殊事情を補正する|価格レンジを合意する,査定目的を決める::売出価格を決めたいのか、社内稟議用の参考価格がほしいのか、買付価格の妥当性を見たいのかを分けます。目的が違うと、必要な精度、使うデータ、説明すべき相手が変わります。|比較データを集める::住宅系では周辺成約事例、面積、築年、駅距離、階数、方位などを比較します。事業用不動産では、用途、規模、立地、テナント、築年、遵法性、再開発余地も比較軸になります。|収益性を確認する::収益不動産ではNOI、稼働率、賃料単価、運営費、修繕費、Cap Rate、出口価格が重要です。表面利回りだけでなく、実質収益と将来の修繕負担を見ます。|特殊事情を補正する::借地権、底地、共有、既存不適格、未登記増築、境界未確定、土壌汚染、特殊テナントなどは価格に影響します。AI査定や相場データでは拾いにくい要素を別途補正します。|価格レンジを合意する::強気価格、妥当価格、早期売却価格を分けて合意します。買付が入ったときに都度ゼロから議論しないよう、価格を下げる条件や交渉余地も事前に決めておきます。,売却価格査定|AI査定|取引事例比較法|収益還元法|NOI|Cap Rate,スマサテ|SRE AI査定CLOUD|TAS-MAP|Gate.|REMETIS,https://www.retpc.jp/chosa/satei-2/|https://www.reinfolib.mlit.go.jp/
媒介契約の選び方：一般、専任、専属専任で管理すべきこと,不動産売却,媒介契約,媒介契約は販売を任せる契約であると同時に、情報管理、報告、買主候補管理のルールを決める業務です。,媒介契約の選択は、単に一般媒介、専任媒介、専属専任媒介のどれにするかでは終わりません。法人売却では、誰に情報を出すか、どの頻度で報告を受けるか、買主候補をどう管理するかが成果を左右します。,契約形態を選ぶ|販売方針を決める|情報開示ルールを決める|活動報告を設計する|更新時に見直す,契約形態を選ぶ::一般媒介は複数社に依頼しやすい一方、情報管理や重複対応が課題になります。専任系は窓口を絞りやすい一方、仲介会社の販売力、業界ネットワーク、報告品質を見極める必要があります。|販売方針を決める::公開販売、限定公開、入札、相対交渉のどれで進めるかを決めます。事業用不動産や法人保有資産では、既存テナントや取引先への影響を踏まえ、広告可否や物件概要書の配布範囲を事前に確認します。|情報開示ルールを決める::NDA、資料請求者の属性確認、買主候補の重複管理、反社チェック、競合先への開示可否を整理します。情報開示のルールが曖昧だと、売主側の意図しない拡散が起きることがあります。|活動報告を設計する::問い合わせ件数、資料送付先、内見状況、買付見込み、価格反応、断られた理由を定期報告の項目にします。報告の粒度を決めておくと、売却活動中の改善判断がしやすくなります。|更新時に見直す::媒介契約の更新時には、価格、販売先、広告方針、問い合わせ品質、買主候補の反応を見直します。期間満了を単なる更新手続きにせず、販売戦略の再設計タイミングとして扱います。,媒介契約|一般媒介|専任媒介|専属専任媒介|売却活動管理|不動産仲介,Musubell|レリーズプラットフォーム|PICKFORM|スマート契約,https://www.fudousan.or.jp/kiso/sale/3_2.html|https://www.mlit.go.jp/totikensangyo/const/1_6_bt_000268.html
物件調査で見るべきポイント：登記、現地、役所、法令制限をつなげる,不動産仲介,物件調査,物件調査は、登記、現地、役所、法令制限を別々に集める業務ではなく、差分とリスクをつなげて説明できる状態にする業務です。,売買仲介の物件調査では、資料を集めるだけでは足りません。登記上の情報、現地で見える状態、役所で確認する法令制限、売主から聞く使用状況を突き合わせ、重要事項説明や販売資料に反映します。,基礎資料を確認する|現地を確認する|役所で調べる|差分とリスクを整理する|重説と資料に反映する,基礎資料を確認する::登記事項証明書、公図、地積測量図、建物図面、管理規約、固定資産税資料、賃貸借契約を確認します。所有者、面積、地目、抵当権、私道負担、敷地権など、権利と物件の基本を押さえます。|現地を確認する::境界標、越境、接道、擁壁、インフラ引込、建物劣化、雨漏り、周辺環境、嫌悪施設、利用状況を見ます。写真は単なる記録ではなく、確認日時と紐づけて後から説明できるようにします。|役所で調べる::用途地域、建ぺい率、容積率、防火地域、道路種別、都市計画、開発許可、建築確認、ハザード情報、上下水道などを確認します。自治体ごとに確認部署や資料の出方が違うため、調査メモを残します。|差分とリスクを整理する::登記面積と実測面積、現況用途と建築確認、図面と現況、道路扱い、越境の有無など、資料間の差分を一覧化します。差分は専門家確認や売主確認へ回すべき論点です。|重説と資料に反映する::調査結果は重要事項説明書、販売資料、社内確認メモへ反映します。調査根拠と判断結果を分けて記録すると、レビューや買主からの質問対応がしやすくなります。,物件調査|役所調査|現地調査|法令制限|道路調査|不動産登記,R.E.REPO|Musubell|不動産チェッカー|インデックスマップ＠クラウド|登記簿図書館,https://www.retpc.jp/chosa/|https://www.fudousan-jinzai.com/index.cfm?cid=1412&fuseaction=contents.fcts|https://www.moj.go.jp/MINJI/minji02.html
重要事項説明を電子化するときの注意点,不動産仲介,重要事項説明,IT重説や電子書面は便利ですが、説明内容の精度、本人確認、同意、通信環境、説明記録を業務フローとして設計する必要があります。,重要事項説明の電子化は、単にWeb会議で説明することではありません。宅建業法上の手続きとして、説明前の書面提供、相手方の承諾、宅建士証の提示、質疑応答、説明後の記録まで含めて運用します。,調査根拠を固める|電子化の承諾を取る|事前送付と接続確認をする|IT重説を実施する|記録と書類を保管する,調査根拠を固める::重要事項説明の品質は、物件調査の精度に依存します。登記、法令制限、インフラ、管理規約、契約条件、告知事項など、説明する内容の根拠資料を先にそろえます。|電子化の承諾を取る::書面の電磁的方法による提供やIT重説では、相手方の承諾や方法の確認が重要です。電子契約サービスを使う場合でも、社内で承諾取得、本人確認、権限確認の手順を決めます。|事前送付と接続確認をする::説明前に重要事項説明書や添付資料を確認できる状態にし、通信環境、画面共有、音声、本人確認資料を確認します。通信不良時の中断や再実施ルールも決めておくと安心です。|IT重説を実施する::宅建士証の提示、相手方の理解確認、重要事項の読み合わせ、質疑応答を行います。相手が資料を見られているか、質問の時間が取れているかを確認しながら進めます。|記録と書類を保管する::説明日時、説明者、相手方、使用した資料、同意、質疑、修正履歴を案件ごとに残します。録画の有無や保存期間は社内規程と個人情報管理の観点で整理します。,重要事項説明|IT重説|宅建業法|電子書面|電子契約|35条書面,Musubell|レリーズプラットフォーム|PICKFORM|スマート契約|R.E.REPO,https://www.mlit.go.jp/totikensangyo/const/sosei_const_tk3_000092.html|https://www.mlit.go.jp/totikensangyo/const/sosei_const_fr3_000046.html|https://www.mlit.go.jp/totikensangyo/const/1_6_bt_000268.html
売買契約で確認したい条件：手付、契約不適合、引渡し,不動産仲介,売買契約,売買契約は価格合意のゴールではなく、調査で見えたリスクを条件、特約、引渡し手順へ落とす業務です。,売買契約では、売買価格と引渡日だけでなく、手付解除、融資特約、契約不適合責任、境界、設備、賃貸借承継、表明保証、前提条件を具体化します。法人間取引や事業用不動産では、契約条項の設計が後日の紛争予防につながります。,主要条件を整理する|調査リスクを条項化する|承継事項を確認する|電子契約の手順を決める|決済と引渡しを準備する,主要条件を整理する::売買価格、手付金、解除期限、融資特約、引渡日、固定資産税精算、仲介手数料、契約不適合責任の範囲と期間を整理します。条件表を先に作ると契約書レビューが進めやすくなります。|調査リスクを条項化する::境界未確定、越境、土壌汚染、アスベスト、未登記建物、既存不適格、設備故障など、調査で見えた論点を特約や表明保証に反映します。説明資料と契約条項の不整合を避けます。|承継事項を確認する::賃貸借契約、敷金、保証金、PM契約、管理規約、修繕義務、テナント対応、工事中案件を確認します。収益不動産では、契約後に何を買主へ承継するかが価格やDDと直結します。|電子契約の手順を決める::電子契約を使う場合は、署名権限、本人確認、社内承認、添付書類、締結後の保管先を確認します。紙契約から電子契約へ移すときは、関係者全員が同じ手順を理解していることが必要です。|決済と引渡しを準備する::所有権移転、抵当権抹消、鍵、図面、契約書、賃料精算、保証金精算、管理会社への通知などをチェックリスト化します。決済日当日のやり直しが難しい項目ほど前倒しで確認します。,売買契約|契約不適合責任|手付解除|融資特約|表明保証|電子契約,Musubell|レリーズプラットフォーム|PICKFORM|スマート契約,https://www.fudousan.or.jp/kiso/buy/6_1.html|https://www.mlit.go.jp/totikensangyo/const/1_6_bt_000268.html
ソーシングを属人化させない案件発掘の型,不動産購入,ソーシング,ソーシングは人脈だけの仕事ではなく、取得方針、情報源、接触履歴、除外理由を蓄積することで再現性を高められます。,不動産購入や開発のソーシングは、案件の入口です。仲介会社や金融機関からの紹介だけに頼ると、担当者の経験や人脈に成果が左右されます。ターゲット、情報源、記録方法を決めることで、組織として案件を発掘しやすくなります。,取得方針を決める|情報源を設計する|候補案件を記録する|初期スクリーニングする|再接触と除外理由を蓄積する,取得方針を決める::エリア、アセットタイプ、規模、利回り、築年、再開発余地、テナント属性、出口方針を定義します。取得方針が曖昧だと、集まる案件が多くても検討の優先順位が付けられません。|情報源を設計する::仲介会社、金融機関、士業、既存オーナー、登記異動、建築計画情報、地図データ、入札情報などを組み合わせます。どの情報源から来た案件かを残すと、後で成果の出やすいチャネルが見えます。|候補案件を記録する::所在地、地番、面積、用途地域、想定価格、紹介者、接触履歴、所有者属性、検討状況を記録します。過去に見送った案件でも、価格や所有者事情が変わると再検討対象になります。|初期スクリーニングする::法令制限、接道、建築ボリューム、賃料水準、価格感、競合、出口想定を粗く確認します。初期段階では精密なDDより、重大な除外理由を早く見つけることを重視します。|再接触と除外理由を蓄積する::誰がいつ接触し、なぜ見送ったかを残します。担当者交代後も履歴が残るため、同じ所有者への重複営業や同じ理由での再検討を減らせます。,ソーシング|用地仕入れ|不動産仕入れ|オーナー探索|登記異動|建築計画情報,REMETIS|R.E.DATA|D-NET|KJ-NET|不動産チェッカー,https://www.utokyo-ipc.co.jp/ja/column/land-purchasing/|https://biz.homes.jp/column/topics-00287|https://www.reinfolib.mlit.go.jp/
不動産DD管理：法務、物理、経済、テナント情報を漏れなく追う,不動産購入,DD管理,不動産DDは資料収集ではなく、リスクを価格、契約条件、投資判断へ反映するための管理業務です。,不動産デューデリジェンスでは、法務DD、物理DD、経済DD、環境DD、テナントDDを並行して進めます。重要なのは、資料を集めることだけではなく、誰が確認し、どのリスクをどう扱うかを追える状態にすることです。,DD範囲を決める|資料請求を管理する|専門家確認を進める|Q&Aと論点を整理する|価格と契約条件へ反映する,DD範囲を決める::対象物件の用途、規模、スケジュール、投資判断の重要度に応じてDD範囲を決めます。買付前の初期DDと契約前の本格DDを分けると、スピードと精度のバランスを取りやすくなります。|資料請求を管理する::登記、契約書、レントロール、修繕履歴、建築確認、検査済証、図面、PMレポート、点検記録、環境資料を請求します。資料の受領日、最新版、未提出、確認担当を管理します。|専門家確認を進める::法務は権利や契約、物理は建物や設備、経済は収益と費用、環境は土壌やアスベスト、テナントは賃貸借条件を見ます。専門家コメントは要約だけでなく、原文リンクや根拠資料と紐づけます。|Q&Aと論点を整理する::売主、仲介会社、専門家への質問を一覧化します。未回答、回答済み、追加確認、価格影響あり、契約条項反映済みなど、ステータス管理をします。|価格と契約条件へ反映する::DDで見つかったリスクは、価格調整、表明保証、前提条件、解除条件、引渡し条件へ反映します。投資委員会や稟議では、リスクを発見したことより、どう扱うかを説明することが重要です。,不動産DD|デューデリジェンス|法務DD|物理DD|経済DD|テナントDD,REMETIS|R.E.REPO|Musubell|不動産チェッカー|インデックスマップ＠クラウド,https://www.takkenai.jp/tools/property-due-diligence/|https://fudousan-note.jp/2026/02/04/due-diligence-checklist/|https://www.reinfolib.mlit.go.jp/
事業収支作成：前提条件を分解して感度分析する,不動産開発/不動産運用,事業収支作成,事業収支は表を作る業務ではなく、前提条件を分解し、変動したときの投資判断への影響を見える化する業務です。,開発や収益不動産の事業収支では、土地代、建築費、賃料、売却価格、金融費用、運営費、工期、出口Cap Rateを分解します。楽観的な数字を並べるのではなく、どの前提が変わると事業性が崩れるかを把握することが大切です。,事業スキームを決める|収入前提を置く|費用前提を置く|出口と資金計画を置く|感度分析する,事業スキームを決める::分譲、賃貸保有、バリューアップ後売却、物流、ホテル、オフィスなど、出口と収益モデルを決めます。スキームが違うと、重視するKPIや必要な調査データが変わります。|収入前提を置く::賃料、稼働率、販売単価、共益費、駐車場収入、更新料などを設定します。市場データ、競合物件、仲介ヒアリング、既存契約を根拠にし、前提の出典を残します。|費用前提を置く::土地代、建築費、設計費、解体費、近隣対応費、販売費、PM費、BM費、修繕費、税金、金融費用を置きます。建築費や金利は変動しやすいため、更新日を管理します。|出口と資金計画を置く::売却価格、出口Cap Rate、保有期間、借入条件、自己資金、返済条件を設定します。出口が変わると投資回収の見え方が変わるため、単一シナリオだけで判断しないようにします。|感度分析する::賃料、工事費、空室率、出口Cap Rate、工期遅延の影響を見ます。標準、保守、楽観の三つのケースを作ると、追加調査すべき論点や交渉余地が見えやすくなります。,事業収支|開発収支|収益不動産|NOI|Cap Rate|感度分析,デベNAVI|TASUKI TECH LAND|T2TR ComFort|Gate.|REMETIS,https://online.reibs.jp/wp-content/uploads/2022/02/%EF%BC%94%E7%AB%A0%E7%99%BA%E8%A1%A8%E3%80%80%E4%BA%8B%E6%A5%AD%E8%A8%88%E7%94%BB%E6%9B%B8%E3%81%AE%E4%BD%9C%E6%88%90.pdf|https://www.reinfolib.mlit.go.jp/
PM/BM管理とレポーティング：運用データを投資判断につなげる,不動産開発/不動産運用,PM/BM管理,PM/BM管理は現場運営だけでなく、NOI、修繕、契約、稼働率を投資判断へつなげる情報基盤です。,PMは収益管理、テナント対応、契約管理、レポーティングを担い、BMは設備、清掃、警備、点検、修繕など建物維持を担います。所有者やAMにとっては、現場情報を投資判断に使える形で集めることが重要です。,管理範囲を定義する|月次データを集める|修繕と点検を管理する|テナントと契約を管理する|レポートで判断につなげる,管理範囲を定義する::PM、BM、AM、所有者、会計、リーシング担当の役割を分けます。誰がテナント対応を行い、誰が工事承認を行い、誰が投資家へ報告するかを明確にします。|月次データを集める::賃料、共益費、滞納、稼働率、運営費、修繕費、NOI、予算実績差異を集めます。データが会計、PM、現場報告に分かれている場合は、月次の締めタイミングと更新責任を決めます。|修繕と点検を管理する::法定点検、設備点検、清掃、警備、クレーム、突発修繕、長期修繕計画を管理します。写真、見積、発注、完了確認を残しておくと、売却時の資料整理にも役立ちます。|テナントと契約を管理する::賃貸借契約、更新期限、賃料改定、解約予告、原状回復、入退去、保証金を管理します。テナントの動きはNOIと出口価格に影響するため、契約情報を月次で追える状態にします。|レポートで判断につなげる::月次レポートでは、数字の羅列ではなく、前月から変わったこと、判断が必要なこと、未解決リスクを明確にします。売却、リファイナンス、追加投資の判断材料として使える形にします。,PM|BM|賃貸管理|月次レポート|NOI|修繕計画,T2TR ComFort|RESPORTクラウド|WealthPark Business|GMO賃貸DX|管理ロイド,https://renue.co.jp/posts/construction-property-management-guide|https://www.hokushinfudosan.co.jp/column/management/about-pm-bm|https://www.mlit.go.jp/jutakukentiku/house/jutakukentiku_house_tk5_000064.html|https://www.ares.or.jp/knowledge/
物件概要書作成：買主が初期判断できる資料に整える,不動産売却,物件概要書作成,物件概要書は単なる物件紹介ではなく、買主が検討を続けるかを判断する入口資料です。正確性、見やすさ、更新管理を同時に押さえる必要があります。,物件概要書や販売図面は、売却活動のスピードを左右する資料です。所在地、価格、面積、権利、法令制限、収支、写真、特記事項が整理されていないと、買主は初期検討で止まりやすくなります。一方で、広告表示や取引態様の記載など、誤認を招かない表現管理も重要です。,掲載項目を決める|根拠資料と照合する|買主目線で編集する|広告表示を確認する|更新履歴を管理する,掲載項目を決める::所在地、交通、土地・建物面積、用途地域、建ぺい率、容積率、価格、権利関係、現況、引渡条件、収益物件であれば賃料、稼働率、レントロール概要などを整理します。事業用不動産では、検討初期に必要な情報が住宅より多くなるため、アセットタイプごとにテンプレートを分けると作りやすくなります。|根拠資料と照合する::登記、公図、測量図、確認済証、検査済証、賃貸借契約、固定資産税資料、現地写真と照合します。古い図面や過去の募集資料を流用する場合は、面積、価格、法令制限、取引態様、現況が最新かを確認します。|買主目線で編集する::買主が最初に知りたいのは、価格、立地、面積、収益性、リスク、次に見るべき資料です。魅力だけを強調するより、検討上の前提や確認中事項も整理した方が、法人買主との後続コミュニケーションが進めやすくなります。|広告表示を確認する::一般消費者に提示する広告やWeb掲載では、不動産広告の表示規約や宅建業法上の表示事項に注意します。業者間資料であっても、外部に出る可能性がある資料は、誤認を招く表現や根拠の薄い訴求を避けます。|更新履歴を管理する::価格変更、賃料更新、空室状況、写真差し替え、特記事項追加があった場合、版数と更新日を残します。複数の仲介会社や買主候補に資料を配る場合、古い版が残ると説明の食い違いにつながります。,物件概要書|販売図面|マイソク|不動産広告|取引態様|物件情報整理,REMETIS|Musubell|R.E.REPO|インデックスマップ＠クラウド|スペースリー,https://www.sfkoutori.or.jp/jireikoukoku/hyojikiyakutekiyo-umu/|https://biz.homes.jp/column/know-how-00053|https://biz.moneyforward.com/realestate/basic/622/
売却活動管理：買主候補、反応、価格交渉を見える化する,不動産売却,売却活動管理,売却活動は広告や紹介を始めたら終わりではありません。買主候補の反応、内覧、資料請求、断られた理由を蓄積すると、価格や販売方針の見直しがしやすくなります。,法人不動産の売却では、販売活動中の情報が散らばりがちです。どの買主に資料を出したか、誰が内覧したか、どの条件がネックだったかが残らないと、価格交渉や売却戦略の見直しが感覚頼みになります。,販売先を設計する|候補者と接触履歴を管理する|買主反応を記録する|価格と条件を見直す|売主向け報告を整える,販売先を設計する::公開販売、限定公開、入札、相対交渉のどれで進めるかを決めます。既存テナント、競合先、取引先への情報開示に配慮が必要な場合は、資料配布前に開示先ルールを作ります。|候補者と接触履歴を管理する::資料請求、NDA締結、内覧、追加質問、買付意向、検討辞退を買主候補ごとに記録します。法人売却では、同じグループ会社や関係会社から重複して問い合わせが来ることもあるため、名寄せも重要です。|買主反応を記録する::価格が高い、収支が合わない、権利関係が重い、用途が合わない、融資が難しいなど、断られた理由を分類します。反応を蓄積すると、売却価格、資料の見せ方、ターゲット買主を見直す根拠になります。|価格と条件を見直す::一定期間内に内覧や買付が少ない場合、価格、販売先、情報開示範囲、物件概要書、資料の見せ方を見直します。値下げだけを選択肢にせず、買主層や条件整理も合わせて検討します。|売主向け報告を整える::問い合わせ数、資料送付先、内覧数、買付見込み、価格反応、次の打ち手をまとめます。社内稟議や経営報告では、活動量だけでなく「次に何を変えるか」が分かる報告が使いやすいです。,売却活動管理|買主候補管理|販売活動報告|入札|価格交渉|不動産売却,REMETIS|Facilo|KASIKA|Digima|いえらぶCLOUD,https://www.mecyes.co.jp/taqsie/master/wp-content/uploads/2023/03/step_tasksheet.pdf|https://cvmax.jp/real-estate-sale/
価格妥当性確認：買付前に価格の前提を分解する,不動産購入,価格妥当性確認,価格妥当性確認は「相場より高いか安いか」だけではなく、収益、リスク、出口、代替案件と比べて投資判断に耐えるかを見る業務です。,不動産購入では、提示価格や売主希望価格をそのまま受け入れるのではなく、取引事例、収益性、修繕負担、テナント条件、出口価格を分解して確認します。特に収益不動産では、NOIとCap Rateの置き方が価格判断に直結します。,価格前提を分解する|比較対象を集める|収益と費用を確認する|リスクを価格に反映する|投資判断のレンジを作る,価格前提を分解する::売主提示価格、想定NOI、稼働率、賃料単価、運営費、修繕費、出口Cap Rateを分けて整理します。価格そのものではなく、どの前提が価格を支えているのかを見ます。|比較対象を集める::周辺成約事例、募集事例、類似アセット、競合物件、賃料水準、土地価格、建築費を確認します。公開情報だけで足りない場合は、仲介会社、PM、金融機関、専門家ヒアリングも組み合わせます。|収益と費用を確認する::NOI、表面利回り、実質利回り、空室率、滞納、CAPEX、原状回復、管理費、税金を確認します。売主資料の数値が会計実績、PMレポート、契約書と整合しているかも重要です。|リスクを価格に反映する::境界、遵法性、修繕、テナント退去、賃料下落、金利上昇、工事費上昇などを価格調整や条件交渉に反映します。リスクを見つけても価格へ反映できなければ、投資判断上の意味が薄くなります。|投資判断のレンジを作る::買付価格、上限価格、保守価格のレンジを作ります。標準シナリオだけでなく、賃料低下、空室増加、出口Cap Rate上昇などの感度を見ると、買付条件を説明しやすくなります。,価格妥当性確認|買付価格|NOI|Cap Rate|収益還元法|投資判断,REMETIS|Gate.|TAS-MAP|スマサテ|SRE AI査定CLOUD,https://www.fudousan-kanteishi.or.jp/|https://www.reinfolib.mlit.go.jp/|https://fudosan.dev/glossary/yield
権利関係確認：登記と現況のズレを早めに見つける,不動産売却,権利関係確認,権利関係確認では、所有者、担保、地番、境界、賃借権、私道負担などを早めに整理し、売却やDDで止まりやすい論点を先に見える化します。,権利関係の確認は、不動産売却でも購入でも後回しにすると大きく詰まりやすい業務です。登記上の所有者や抵当権だけでなく、現地の境界、越境、私道、賃借人、未登記部分などをつなげて見る必要があります。,登記情報を取得する|所有者と担保を確認する|境界と現況を照合する|利用権や契約を確認する|論点を専門家へ渡す,登記情報を取得する::登記事項証明書、地図、公図、地積測量図、建物図面などを取得し、対象不動産の地番、家屋番号、面積、所有者、権利部を確認します。社内資料や過去の物件概要書だけで判断せず、現在の登記情報を起点にします。|所有者と担保を確認する::所有者、共有者、抵当権、根抵当権、差押え、仮登記などを確認します。法人売却では、売主の意思決定権限と登記上の所有者が一致しているかも重要です。担保権がある場合は、抹消手続きや決済時の段取りも早めに整理します。|境界と現況を照合する::公図や測量図と現地を照合し、境界標、越境、私道負担、接道状況を確認します。現地と登記・図面に差分がある場合、売却価格、買主DD、重要事項説明に影響します。|利用権や契約を確認する::賃借権、地役権、通行承諾、覚書、管理規約、借地借家関係などを確認します。登記に表れにくい合意や利用関係がある場合、資料化して買主に説明できるようにします。|論点を専門家へ渡す::境界未確定、越境、共有、未登記、権利者不明、担保抹消、借地借家の論点は、司法書士、土地家屋調査士、弁護士、宅建士へ確認します。論点を一覧化しておくと、DDや契約条件への反映が進めやすくなります。,権利関係確認|不動産登記|抵当権|境界確認|越境|私道負担,REMETIS|登記簿図書館|インデックスマップ＠クラウド|不動産チェッカー|R.E.REPO,https://www.moj.go.jp/MINJI/minji02.html|https://www1.touki.or.jp/|https://www.mlit.go.jp/tochi_fudousan_kensetsugyo/content/lab02_report.pdf
販売資料作成：訴求と正確性を両立する,不動産売却,販売資料作成,販売資料は見栄えだけでなく、買主が次の検討に進むための判断材料です。広告表示、取引態様、根拠資料、更新履歴を押さえると実務で使いやすくなります。,販売資料作成では、物件の魅力を伝えることと、誤認を避けることを同時に満たす必要があります。とくに販売図面やマイソクは、仲介会社間の情報共有、買主への提案、内見手配、価格交渉の入口になるため、正確性と読みやすさが重要です。,ターゲットを決める|訴求情報を整理する|根拠とリスクを確認する|レイアウトを整える|配布後の更新を管理する,ターゲットを決める::買主が実需層なのか、投資家なのか、デベロッパーなのか、事業会社なのかで見るポイントが変わります。投資家向けなら収益性や賃貸借契約、デベロッパー向けなら法令制限やボリューム、事業会社向けなら立地や利用条件を厚めにします。|訴求情報を整理する::価格、面積、交通、写真、間取り、用途地域、収益、修繕履歴、テナント情報、周辺環境を整理します。強みを前面に出しつつ、確認中事項や制約条件も後で説明できるようにします。|根拠とリスクを確認する::面積、築年、取引態様、権利、法令制限、収益情報は根拠資料と照合します。広告表示に使う表現は、事実と根拠があるか、誤認を招かないかを確認します。|レイアウトを整える::一枚資料では、価格や所在地だけでなく、買主が次に確認すべき資料への導線を作ります。写真、地図、収益、注意事項の優先順位を決め、情報を詰め込みすぎないことも重要です。|配布後の更新を管理する::価格変更、資料追加、テナント状況変更、内覧条件変更があれば、配布済み資料の版管理を行います。古い資料が残ると、買主との認識違いや仲介会社間の混乱につながります。,販売資料作成|販売図面|マイソク|不動産広告|物件概要書|資料管理,REMETIS|スペースリー|ナーブVRクラウド|ROOV|Musubell,https://www.sfkoutori.or.jp/koukoku_before/|https://biz.homes.jp/column/know-how-00053|https://biz.moneyforward.com/realestate/basic/622/
買付提出：条件を曖昧にせず購入意思を伝える,不動産購入,買付提出,買付提出は「買いたいです」と伝えるだけの書類ではなく、価格、期限、融資、DD、契約条件を売主へ示す交渉の起点です。,買付証明書や購入申込書は、売買契約前に購入意思と条件を伝えるための実務書類です。一般にそれだけで売買契約が成立するわけではありませんが、法人取引では提出内容がその後の優先順位、条件交渉、DDスケジュールに影響します。,投資判断を固める|買付条件を整理する|社内承認を取る|売主へ提出する|契約前提を詰める,投資判断を固める::買付前に、取得目的、価格妥当性、資金計画、想定NOI、DDで確認すべき論点を整理します。十分に検討せず買付を出すと、撤回や条件変更が発生し、売主や仲介会社からの信頼を下げやすくなります。|買付条件を整理する::購入希望価格、手付金、決済時期、融資利用、DD期間、契約希望日、引渡条件、表明保証や前提条件を整理します。価格だけでなく、売主にとって受け入れやすい条件かを見ます。|社内承認を取る::法人買主では、投資委員会、稟議、財務、法務、事業部門の承認が必要になることがあります。買付提出後に社内承認が取れないと、売主との交渉が止まるため、承認範囲と条件を事前に確認します。|売主へ提出する::買付証明書には、対象不動産、買主名、価格、条件、有効期限などを明記します。法的拘束力が限定的な場合でも、意思表示として扱われるため、提出前に内容の正確性と実行可能性を確認します。|契約前提を詰める::売主から売渡承諾や条件回答があったら、DD、契約書、資金調達、重要事項説明、決済スケジュールへ進みます。買付条件と契約条件にズレが出ないよう、変更点を履歴で残します。,買付提出|買付証明書|購入申込書|買付価格|融資特約|DD,REMETIS|Gate.|TAS-MAP|Musubell|PICKFORM,https://flie.jp/magazine/estate/buying-certificate/|https://www.nomu.com/seller/column/20231010.html|https://www.tago-law.com/baibai3.html
初回ヒアリング：顧客の目的と制約を引き出す,不動産仲介,初回ヒアリング,初回ヒアリングでは、希望条件を聞くだけでなく、売却・購入の背景、意思決定者、期限、資金、譲れない条件を整理します。,売買仲介の初回ヒアリングは、その後の提案品質を決める入口です。表面的な希望条件だけを聞くと、売却提案、買主探索、内見案内、価格交渉でズレが起きやすくなります。顧客の目的と制約を構造的に聞くことが大切です。,相談背景を聞く|希望条件を整理する|制約条件を確認する|意思決定者を把握する|次回提案へ落とす,相談背景を聞く::なぜ売りたいのか、なぜ買いたいのか、いつまでに動きたいのかを確認します。相続、住み替え、資産入替、事業拡大、撤退など背景によって、提案すべき進め方が変わります。|希望条件を整理する::価格、エリア、面積、アセットタイプ、利回り、築年、用途、引渡時期、資金計画を整理します。条件は優先順位を付け、必須条件と希望条件を分けます。|制約条件を確認する::ローン、税務、社内稟議、既存テナント、家族・役員の同意、物件の権利関係、資料不足など、進行を止める可能性がある制約を確認します。|意思決定者を把握する::相談者本人だけで決められるのか、家族、共有者、法人役員、投資委員会、金融機関が関わるのかを確認します。意思決定者が見えていないと、後工程で承認が止まりやすくなります。|次回提案へ落とす::ヒアリング結果をもとに、査定、候補物件、売却方針、買付条件、必要資料リストへ落とします。初回面談のメモを案件データとして残すと、担当変更や分業でも提案品質を保ちやすくなります。,初回ヒアリング|不動産営業|顧客ニーズ|売買仲介|ヒアリングシート|提案準備,Facilo|KASIKA|Digima|いえらぶCLOUD|REMETIS,https://biz.homes.jp/column/know-how-00010|https://lab.iyell.jp/knowledge/realestate/hiaringsheet/
修繕計画：建物価値とNOIを守る投資計画にする,不動産開発/不動産運用,修繕計画,修繕計画は保守管理の予定表ではなく、建物価値、稼働率、NOI、売却出口に影響する投資計画です。,収益不動産や運用物件では、修繕を先送りすると短期的な費用は抑えられても、空室、賃料下落、突発工事、売却時の価格調整につながることがあります。長期修繕計画は、工事項目と時期だけでなく、投資判断の材料として管理します。,建物状態を把握する|修繕履歴を整理する|中長期計画を作る|予算とNOI影響を見る|実施後に履歴を更新する,建物状態を把握する::外壁、防水、給排水、電気、空調、昇降機、消防設備、共用部、室内設備などを確認します。法定点検や現地確認の結果を、写真や指摘事項と一緒に残します。|修繕履歴を整理する::過去の工事内容、発注先、金額、保証、写真、完了日を整理します。修繕履歴がないと、次に必要な工事や売却時の説明が難しくなります。|中長期計画を作る::工事項目、実施時期、概算費用、優先順位を置きます。マンションの長期修繕計画や賃貸住宅の計画修繕の考え方を参考にしつつ、保有方針や出口戦略に合わせて調整します。|予算とNOI影響を見る::修繕費、CAPEX、賃料改善、空室抑制、売却価格への影響を見ます。単年度の費用だけで判断せず、保有期間全体のNOIと出口価格への影響を確認します。|実施後に履歴を更新する::工事完了後は、見積、発注、写真、保証書、完了報告を保存します。履歴を更新しておくと、PM/BMレポート、DD、売却資料作成に活用できます。,修繕計画|長期修繕計画|CAPEX|PM/BM|NOI|修繕履歴,T2TR ComFort|管理ロイド|ANDPAD|KANNA|REMETIS,https://www.mlit.go.jp/jutakukentiku/house/jutakukentiku_house_tk5_000064.html|https://www.city.yokohama.lg.jp/kurashi/sumai-kurashi/jutaku/manportal/manage/rule/repairplan.html|https://www.mlit.go.jp/jutakukentiku/house/jutakukentiku_house_tk3_000118.html|https://www.aqa-pm.co.jp/knowledge/maintenance-plan/
