site,source,title,published,topicArea,relevance,summary,url,checkedAt
LIFULL HOME'S Business 仲介・管理,LIFULL HOME'S Business,業務お役立ちコラム,,売買仲介/賃貸仲介/賃貸管理/集客/営業/経営,コラム企画の継続監視先,不動産会社向けに業界トピックス、営業ノウハウ、集客、追客、マーケティング、人材採用、経営などを横断的に扱うコラム一覧。,https://biz.homes.jp/column,2026-06-01
LIFULL HOME'S Business 仲介・管理,LIFULL HOME'S Business,バーチャルホームステージングの費用は？ リアルとの比較や注意点を徹底解説,2026-05-25,販売資料作成/売却活動管理/広告表現,販売資料・反響獲得コラムの材料,リアルとバーチャルのホームステージング費用、居住中物件の見せ方、広告掲載時の注釈やおとり広告回避を整理する材料。,https://biz.homes.jp/column/sales-promotion-00041,2026-06-01
LIFULL HOME'S Business 仲介・管理,LIFULL HOME'S Business,おとり広告とは？不動産会社が知るべき罰則・違反事例と防止策,2026-05-25,広告表示/販売資料作成/コンプライアンス,広告チェック記事の材料,おとり広告の定義、違反リスク、具体例、防止策を販売資料作成や広告運用の注意点に転用できる。,https://biz.homes.jp/column/topics-00334,2026-06-01
LIFULL HOME'S Business 仲介・管理,LIFULL HOME'S Business,賃貸住宅の登記と賃借権の対抗力―「公信力」と「対抗力」を整理する―,2026-03-29,権利関係確認/賃貸借承継/不動産登記,権利関係・DD記事の材料,登記の公信力、推定力、賃借権の対抗力、相続登記義務化などを権利関係確認や賃貸借承継の補足に使える。,https://biz.homes.jp/column/know-how-00162,2026-06-01
LIFULL HOME'S Business 仲介・管理,LIFULL HOME'S Business,「土地価格」指標の意味と使い方～4つの公的価格を押さえる～,2026-03-29,売却価格査定/価格妥当性確認/土地評価,価格系コラムの材料,公示価格、基準地価格、相続税路線価、固定資産税評価額の違いを、査定や買付前価格確認の記事に活用できる。,https://biz.homes.jp/column/know-how-00161,2026-06-01
LIFULL HOME'S Business 仲介・管理,LIFULL HOME'S Business,不動産の業務効率化は人手不足時代に必須！外注判断のポイントとは,2026-03-29,業務効率化/外注/システム化/不動産テック,DX・ツール活用記事の材料,物件登録、契約書作成など外注・システム化しやすい業務を整理する材料。プロップテック導入判断記事に向く。,https://biz.homes.jp/column/topics-00332,2026-06-01
LIFULL HOME'S Business 仲介・管理,LIFULL HOME'S Business,中古物件が売れない理由とは？ 不動産会社が今すぐできる4つの改善策,2026-03-27,売却活動管理/販売資料作成/価格見直し,売却活動改善記事の材料,中古物件の売却長期化要因として価格設定、建物状態、広告情報などを整理。反響分析や価格改定の実務に使える。,https://biz.homes.jp/column/topics-00330,2026-06-01
LIFULL HOME'S Business 仲介・管理,LIFULL HOME'S Business,私道負担物件の「掘削承諾書」は必要？ 改正民法後の取引実務を解説,2026-03-27,物件調査/権利関係確認/重要事項説明,調査・重説記事の材料,私道、設備設置権、掘削承諾、金融機関やインフラ会社対応を、物件調査・重説・契約特約の論点に使える。,https://biz.homes.jp/column/topics-00329,2026-06-01
船井総合研究所 住宅不動産総合,船井総合研究所,住宅不動産業界の経営コラム一覧,,不動産業界/住宅業界/リフォーム業界/業績アップ/集客/採用/新規事業/経営戦略,経営・事業戦略系コラムの継続監視先,住宅・不動産業界向けに業績アップ、集客、採用育成、新規事業、経営戦略、経営課題FAQを扱うコラム一覧。,https://housing.funaisoken.co.jp/blogs/column,2026-06-01
船井総合研究所 住宅不動産総合,船井総合研究所,経営V字回復の実現方法とは？住宅・不動産・リフォーム会社が業績を立て直す5つの打ち手,2026-05-20,経営戦略/業績改善/営業管理,経営者向けコラムの材料,住宅・不動産・リフォーム会社の業績立て直し施策を、店舗運営や営業KPIの記事に転用できる。,https://housing.funaisoken.co.jp/blogs/column,2026-06-01
船井総合研究所 住宅不動産総合,船井総合研究所,Q.低迷する賃貸仲介の収益性を劇的に改善するモデルとは？,2026-03-31,賃貸仲介/収益性改善/業務モデル,仲介業務効率化記事の材料,賃貸仲介の収益性改善をテーマにした経営課題FAQ。反響対応、追客、店舗運営の改善テーマに展開できる。,https://housing.funaisoken.co.jp/blogs/column/rt010,2026-06-01
船井総合研究所 住宅不動産総合,船井総合研究所,Q.自社で収益不動産開発や新築アパート開発に参入するの利益モデルは？,2026-03-31,不動産開発/収益不動産/新規事業,開発・収支記事の材料,収益不動産開発や新築アパート開発の利益モデルを、事業収支作成や開発参入判断のコラム材料に使える。,https://housing.funaisoken.co.jp/blogs/column/rt005,2026-06-01
船井総合研究所 住宅不動産総合,船井総合研究所,Q.管理物件が少ない現状を打破し賃貸管理受任を増やすには？,2026-03-31,賃貸管理/管理受託/オーナー営業,PM/BM・管理受託記事の材料,管理物件の受託を増やす営業・経営課題として、PM/BM管理やオーナー提案記事の企画に使える。,https://housing.funaisoken.co.jp/blogs/column/rt004,2026-06-01
船井総合研究所 住宅不動産総合,船井総合研究所,Q.不動産売却受任を増やすために効果的な最新の手法は？,2026-03-31,売却受任/媒介契約/売主営業,売却受任・媒介獲得記事の材料,売却受任増加をテーマにした経営課題FAQ。媒介契約、査定提案、売主追客の記事テーマに展開できる。,https://housing.funaisoken.co.jp/blogs/column/rt002,2026-06-01
船井総合研究所 住宅不動産総合,船井総合研究所,Q.不動産業で短期間に業績アップを成功させる具体策とは？,2026-03-31,経営戦略/営業KPI/業績アップ,不動産会社向け経営記事の材料,短期間での業績アップをテーマにした経営課題FAQ。営業活動管理やKPI設計のコラム企画に使える。,https://housing.funaisoken.co.jp/blogs/column/rt001,2026-06-01
