title,seoTitle,lead,summary,processes,tasks,tags,providers,assetTypes,relatedServices,heroImage,heroAlt,body,sourceUrls
物件管理システム比較,不動産会社におすすめの物件管理システムまとめ｜売買仲介・PM向け比較,物件情報が担当者ごとに散らばり、更新漏れや二重入力、広告出稿の手戻り、顧客対応の抜け漏れが起きていませんか。物件管理システムは、物件台帳を整えるだけでなく、反響・案件・契約・社内共有までをつなぎ、売買実務の属人化を減らすための基盤になります。,不動産会社が物件管理システムを選ぶときは、料金や機能数だけでなく、自社の業務フローでどこまで一元管理したいかを先に整理することが重要です。売買仲介、買取再販、法人保有不動産、PM/BMの実務で使いやすいかを、主要サービスの機能と対応領域から比較します。,不動産売却|不動産仲介|不動産購入|不動産開発/不動産運用,物件情報整理|物件概要書作成|販売資料作成|売却活動管理|買主探索|ソーシング|PM/BM管理|賃貸借契約管理,物件管理|業務基幹|広告出稿|業者間流通|案件管理|統合データ,RESTAR株式会社|株式会社デジタルガレージ|株式会社いえらぶGROUP|株式会社いい生活|アットホーム株式会社|株式会社オープンルーム|株式会社Facilo,マンション|戸建|土地|事業用不動産|オフィス|商業施設|物流施設|ホテル|賃貸住宅|店舗/事務所,REMETIS|Musubell|いえらぶCLOUD|いい生活 売買クラウド|ATBB|フォレストPRO|Facilo,../../assets/property-management-system-comparison-hero.png,物件管理システムの比較を表す業務ダッシュボードのキービジュアル,比較の見方::物件管理システムは、単に物件名や価格を登録する台帳ではありません。売買実務では、登記・図面・写真・販売図面・広告掲載・問い合わせ・内見・買主候補・売主報告・契約書類まで同じ物件IDで追えるかが重要です。|売買仲介向け::仲介会社では、ポータルや業者間流通との連動、販売資料作成、顧客への物件提案、売主への活動報告が主な比較軸になります。物件情報の更新漏れや二重入力を減らせるか、担当者が変わっても反響・内見・提案履歴を追えるかを見ます。|法人・事業用不動産向け::法人保有不動産や事業用不動産では、地図連携、権利・収支・修繕・契約情報の管理、買主ニーズとのマッチング、社内共有権限が重要です。住宅系の物件管理よりも、情報の粒度、秘匿性、資料開示範囲の管理を重視します。|PM/BM・運用向け::運用側では、物件台帳、賃貸借契約、修繕履歴、点検、月次レポート、オーナー報告とのつながりを確認します。売買前のDDや出口戦略にも使うなら、運用データを後から売却資料や買主DDに転用できる設計かを見る必要があります。|導入前チェック::既存のCRM、契約管理、会計、広告出稿、地図・登記データとどうつながるかを確認します。料金だけでなく、初期データ移行、入力項目の設計、権限管理、更新責任者、サポート体制を比較すると、導入後に使われないリスクを下げられます。,https://store.f-mikata.jp/best-gyoumusien-system/|https://store.f-mikata.jp/best-kokyaku-kanri/|https://store.f-mikata.jp/best-sales-tool/
ニーズマッチングサービス比較,不動産会社におすすめのニーズマッチングサービス比較｜買主探索・物件提案向け,買主や投資家のニーズ、売却物件、仕入れ候補、顧客の希望条件が別々に管理されていると、条件に合う案件を見逃しやすくなります。ニーズマッチングサービスは、物件情報と顧客・投資家ニーズを結びつけ、提案漏れや属人的な案件紹介を減らすための仕組みです。,ニーズマッチングサービスを選ぶときは、物件と買主ニーズを自動で照合したいのか、顧客向け提案を効率化したいのか、業者間流通や営業候補探索を強化したいのかを分けて比較することが重要です。売買仲介、法人不動産、事業用不動産、オフィス仲介の実務で使いやすいかを主要サービスの機能と対応領域から整理します。,不動産売却|不動産仲介|不動産購入|不動産開発/不動産運用,買主探索|ソーシング|物件情報整理|売却活動管理|販売資料作成|初回ヒアリング|価格妥当性確認,ニーズマッチング|買主探索|物件提案|業者間流通|顧客管理|地理情報,RESTAR株式会社|アットホーム株式会社|株式会社Facilo|株式会社いえらぶGROUP|株式会社いい生活|TRUSTART株式会社|株式会社ボルテックス,マンション|戸建|土地|事業用不動産|オフィス|商業施設|物流施設|ホテル|賃貸住宅|店舗/事務所,REMETIS|ATBB|Facilo|いえらぶCLOUD|いい生活 売買クラウド|R.E.DATA|OFFICE RESEARCH,../../assets/needs-matching-service-comparison-hero.png,不動産の物件情報と買主ニーズを結びつけるダッシュボードのキービジュアル,比較の見方::ニーズマッチングサービスは、単に顧客名簿や物件一覧を持つだけではありません。売却物件、仕入れ候補、買主・投資家ニーズ、顧客の閲覧・反応、営業先候補をどの粒度で結びつけられるかが重要です。|法人・事業用不動産向け::法人保有不動産や事業用不動産では、買主ニーズ、投資方針、対象エリア、アセットタイプ、価格帯を物件情報と照合できるかを見ます。社内の案件情報や過去検討履歴を活かせるかも比較軸になります。|売買仲介向け::仲介会社では、顧客の希望条件と新着・価格改定物件を結びつけ、提案漏れを減らせるかが重要です。買主向けの物件提案、売主向けの活動報告、担当者間の引き継ぎまで見えるかを確認します。|業者間流通向け::業者間流通では、物件情報を探しやすいか、取引先へ共有しやすいか、成約事例や不動産データを提案に使えるかを比較します。自社CRMや物件管理とのつながりも確認が必要です。|導入前チェック::既存の顧客管理、物件管理、広告出稿、地図・登記データとどう連携するかを確認します。自動マッチングの精度だけでなく、条件項目の設計、担当者への通知、提案履歴の残し方、情報の更新責任者まで決めておくと導入後に使われやすくなります。,https://www.remetis.jp/features/|https://business.athome.jp/service/atbb/|https://www.facilo.jp/service|https://ielove-cloud.jp/|https://www.es-service.net/|https://www.trustart.co.jp/|https://www.vortex-net.com/service/officeresearch/
AI査定サービス比較,不動産会社におすすめのAI査定サービス比較｜売却査定・価格妥当性確認向け,売却査定や買付前の価格確認を担当者の経験だけで進めると、査定根拠の説明や社内承認でつまずきやすくなります。AI査定サービスは、取引事例、相場データ、賃料、収益性などをもとに価格レンジを短時間で整理し、売主提案や取得判断の初期検討を支援します。,AI査定サービスを選ぶときは、売買価格の査定をしたいのか、賃料や空室率を見たいのか、収益不動産の投資判断をしたいのかを分けて比較することが重要です。住宅系、土地、収益物件、賃貸住宅で必要なデータと出力資料が変わるため、主要サービスの機能と対応領域を整理します。,不動産売却|不動産購入|不動産開発/不動産運用,売却価格査定|価格妥当性確認|売却提案|買付提出|事業収支作成|販売資料作成,AI査定|価格査定|賃料査定|相場情報|査定書|投資分析,SRE AI Partners株式会社|リーウェイズ株式会社|株式会社タス|株式会社東京カンテイ,マンション|戸建|土地|賃貸住宅|事業用不動産|オフィス|商業施設|物流施設|ホテル,SRE AI査定CLOUD|スマサテ|Gate.|TAS-MAP|マンション査定システム|土地査定システム|マンション相場Plus|土地相場Plus,../../assets/ai-appraisal-service-comparison-hero.png,AI査定サービスの価格レンジと相場データを表すダッシュボードのキービジュアル,比較の見方::AI査定サービスは、査定額だけを見るツールではありません。売却提案、買付前の価格確認、収益物件の投資判断、賃料査定、相場説明など、どの業務で使うかによって必要なデータと出力資料が変わります。|売買仲介向け::売買仲介では、反響直後のスピード査定、売主への価格説明、査定書作成、周辺事例比較が主な比較軸になります。AI査定で初期レンジを出しつつ、個別事情を補正できる運用かを確認します。|買取・投資判断向け::買取再販や投資判断では、買付価格、出口価格、賃料、空室率、NOI、利回りなどを分けて確認します。AI査定だけでなく、収益性や保守シナリオを見られるかが重要です。|賃料・運用向け::賃貸住宅や収益物件では、賃料査定、空室率、周辺募集・成約データ、将来賃料予測が比較軸になります。売却価格だけでなく、運用中の賃料前提を説明できるかを見ます。|導入前チェック::査定結果をそのまま結論にせず、どのデータを採用し、どの個別要因を人が補正するかを決めておく必要があります。CRM、物件管理、査定書、社内稟議、販売資料とのつながりも確認すると導入後に使われやすくなります。,https://sre-ai-partners.co.jp/service/srecloud/aisateicloud/|https://sumasate.jp/|https://ai.gate.estate/|https://corporate.tas-japan.com/corporate/about-us/|https://www.hp.kantei.ne.jp/|https://www.hp.kantei.ne.jp/lp/estate_assessment_tochi/01/index.html|https://www.kantei.ne.jp/wp-content/uploads/service_estate_list.pdf
ボリュームチェックサービス比較,不動産会社におすすめのボリュームチェックサービス比較｜用地仕入れ・開発検討向け,用地仕入れや開発候補地の初期検討では、設計会社へ正式にボリュームチェックを依頼する前に、建築可能規模や事業収支の当たりを素早く確認したい場面があります。ただしボリュームチェックサービスは、法規制や行政協議を完全に代替するものではなく、使い方を誤ると取得機会の損失や高値掴みにつながるため、リスクを理解したうえで利用する必要があります。,ボリュームチェックサービスは、候補地の一次スクリーニングや設計依頼前の当たり付けには有効です。一方で、日本の建築法規は用途地域、建ぺい率、容積率だけでなく、道路、斜線、日影、天空率、地区計画、条例、行政協議、敷地形状、測量前提などが絡みます。システム結果は取得可否を決める最終判断ではなく、設計会社や行政確認へ進むべき案件を選別するための補助情報として扱うべきです。,不動産購入|不動産開発/不動産運用,初期スクリーニング|価格妥当性確認|DD管理|事業企画|用途検討|事業収支作成|ソーシング,ボリュームチェック|用地仕入|開発検討|AI作図|法規チェック|事業性検証,つくるAI株式会社|株式会社ZISEDAI（タスキグループ）|生活産業研究所株式会社,土地|賃貸住宅|マンション|住宅|オフィス,デベNAVI|VCプロ|TASUKI TECH LAND|ROOK2,../../assets/volume-check-service-comparison-hero.png,土地の法規制と建築ボリュームを確認するダッシュボードのキービジュアル,リスクを先に理解する::ボリュームチェックサービスは、取得候補地を早くふるい分けるための強力な補助ツールです。しかし、建築可能面積や戸数の計算は法規制データ、道路条件、敷地形状、自治体条例、行政協議、設計上の工夫に左右されます。システム結果だけで買付可否や設計依頼の有無を決めると、取得機会の損失や取得後の事業計画崩れが起こり得ます。|法規制データの限界::国土交通省の不動産情報ライブラリなどで都市計画情報の公開は進んでいますが、建築ボリュームの判断には用途地域だけでなく、防火・準防火地域、地区計画、高度地区、都市計画道路、前面道路、接道、斜線、日影、天空率、自治体条例、窓先空地、避難経路などが関係します。公開データや自動取得データだけでは、実務上の確認範囲をすべてカバーできない可能性があります。|過小判定と過大判定のリスク::システムのボリュームチェックが過小だと、本来取得できた案件を見送ることになり、仕入機会を失います。反対に過大だと、想定より建てられず、土地価格を高く見積もる、買付条件を誤る、取得後に収支が崩れる、金融機関や投資家への説明が難しくなるといったリスクがあります。どちらも用地仕入れでは大きな損失につながります。|設計会社へ依頼する判断::取得検討時に設計会社へ正式なボリュームチェックを依頼するかどうかの判断材料として使う場合、システム結果を足切りに使いすぎないことが重要です。特に旗竿地、不整形地、狭小地、複数道路、斜線や日影の影響が大きい土地、条例対応が重い共同住宅では、システムで低く出た案件ほど専門家確認へ進める余地があります。|その他の確認ポイント::入力した案件情報の機密性、提供会社またはグループ会社の不動産実業との関係、対応エリア、データ更新頻度、対応する条例範囲、計算ロジックの説明可能性、CADやPDFへの出力、設計会社との連携、社内稟議での使い方を確認します。最終的な取得判断では、システム結果、設計会社の検証、行政確認、測量・境界・道路調査を分けて扱う運用が必要です。,https://tsukuru-ai.co.jp/deve-navi|https://tsukuru-ai.co.jp/vc-pro|https://tasukicorp.co.jp/news/8550/|https://www.cstnet.co.jp/archi/products/rook/index.html|https://www.cstnet.co.jp/archi/products/rook/architects.html|https://www.mlit.go.jp/tochi_fudousan_kensetsugyo/tochi_fudousan_kensetsugyo_tk17_000001_00038.html|https://www.reinfolib.mlit.go.jp/help/apiManual/|https://www.mlit.go.jp/jutakukentiku/house/content/001907399.pdf
不動産会社向けCRM比較,不動産会社向けCRM比較｜反響対応・追客・案件管理ツールの選び方,不動産会社向けCRMは、反響対応、追客、売却案件管理、顧客情報の共有を一つの流れで管理できるかが選定の中心です。,不動産CRMを比較する際は、反響の取り込み、担当者への割り振り、追客履歴、物件・顧客情報の一元管理、チームでの共有性を確認します。,不動産売却|不動産仲介,初回ヒアリング|売却活動管理|反響対応|物件情報整理,不動産CRM|反響対応|追客管理|案件管理|顧客管理,いえらぶGROUP|いい生活|アットホーム|コンベックス|Cocolive|ミカタ|Facilo,CRM|SFA|顧客管理|営業支援,いえらぶCLOUD|いい生活 売買クラウド|ATBB|Digima|KASIKA|Musubell|Facilo,../../assets/proptech-hero.png,不動産会社向けCRM比較のイメージ,不動産CRMで比較すべきポイント::単なる顧客台帳ではなく、問い合わせから初回対応、追客、媒介獲得、売却活動までをつなげる営業基盤として比較します。反響の自動取り込み、担当者の割り当て、対応漏れの通知、顧客ごとの履歴管理が実務に合うかを確認しましょう。|導入前に確認したい運用条件::店舗や担当者が複数ある場合は、権限管理、活動履歴の見え方、メール・LINE・電話履歴の残し方が重要です。既存ポータルや基幹システムと連携できるかも比較軸になります。,https://ielove-cloud.jp/|https://www.es-service.net/|https://business.athome.jp/service/atbb/|https://www.digima.com/|https://cocolive.co.jp/|https://www.musubell.com/|https://www.facilo.jp/
不動産電子契約サービス比較,不動産電子契約サービス比較｜IT重説・売買契約・書類管理の選び方,不動産電子契約サービスは、IT重説、売買契約、本人確認、契約書類の保管までを安全に運用できるかが重要です。,不動産電子契約を比較する際は、対応できる契約種別、重要事項説明との接続、署名フロー、本人確認、社内承認、書類保管を確認します。,不動産売却|不動産仲介|不動産購入,重要事項説明|売買契約|買付提出,不動産電子契約|IT重説|電子署名|売買契約|契約DX,アットホーム|GOGEN|ミカタ|いい生活,電子契約|電子署名|契約管理|書類管理,スマート契約|レリーズプラットフォーム|Musubell|いい生活 売買クラウド|ATBB|PICKFORM,../../assets/proptech-hero.png,不動産電子契約サービス比較のイメージ,不動産電子契約で比較すべきポイント::電子署名だけでなく、重要事項説明、契約書類の送付、本人確認、締結後の保管まで含めて比較する必要があります。売買、賃貸、媒介契約など、自社で扱う契約種別に対応しているかを最初に確認しましょう。|現場運用で見落としやすい点::買主、売主、仲介会社、司法書士など関係者が多い取引では、誰がどの書類を確認し、どの順番で署名するかが重要になります。,https://business.athome.jp/service/smart_keiyaku/|https://release.estate/|https://www.musubell.com/|https://www.es-service.net/|https://business.athome.jp/service/atbb/|https://www.pick-form.com/
不動産査定システム比較,不動産査定システム比較｜AI査定・相場分析・売却提案ツールの選び方,不動産査定システムは、AI査定、取引事例、相場データ、提案資料作成をどこまで支援できるかで比較します。,不動産査定システムを比較する際は、マンション・土地・戸建ての対応範囲、査定根拠、周辺相場、提案資料への展開、営業現場での説明しやすさを確認します。,不動産売却|不動産購入,売却価格査定|価格妥当性確認|売却提案,不動産査定システム|AI査定|価格査定|相場分析|売却提案,SRE AI Partners|スマサテ|リーウェイズ|東京カンテイ|TAS,AI査定|査定システム|相場データ|提案資料,SRE AI査定CLOUD|スマサテ|Gate.|TAS-MAP|マンション査定システム|土地査定システム|マンション相場Plus|土地相場Plus,../../assets/proptech-hero.png,不動産査定システム比較のイメージ,不動産査定システムで比較すべきポイント::算出価格だけでなく、なぜその価格になるのかを顧客に説明できる資料として使えるかが重要です。取引事例、周辺相場、賃料、利回り、建物情報など、査定根拠に使えるデータの範囲を比較しましょう。|AI査定と人の査定の使い分け::AI査定は初期提案や価格妥当性の確認に向いていますが、個別事情や販売戦略は担当者の判断が必要です。,https://sre-ai-partners.co.jp/service/srecloud/aisateicloud/|https://sumasate.jp/|https://ai.gate.estate/|https://corporate.tas-japan.com/corporate/about-us/|https://www.hp.kantei.ne.jp/
不動産物件調査ツール比較,不動産物件調査ツール比較｜登記・法令制限・周辺調査の効率化,不動産物件調査ツールは、登記、地図、法令制限、周辺情報をどれだけ早く正確に集められるかで比較します。,物件調査ツールを比較する際は、登記情報、地番検索、法令制限、ハザード、周辺施設、調査メモ、社内共有のしやすさを確認します。,不動産売却|不動産仲介|不動産購入|不動産開発/不動産運用,物件調査|権利関係確認|物件情報整理|DD管理|ソーシング,不動産物件調査|登記情報|法令制限|地番検索|不動産調査ツール,トラストアート|登記簿図書館|日本情報クリエイト|トーラス|ビィーシステム,物件調査|登記調査|地図データ|DD支援,REMETIS|登記簿図書館|インデックスマップ＠クラウド|不動産チェッカー|R.E.DATA|KJ-NET|D-NET,../../assets/proptech-hero.png,不動産物件調査ツール比較のイメージ,不動産物件調査ツールで比較すべきポイント::登記、地図、道路、用途地域、建築制限、周辺施設など複数の情報を横断して確認します。比較時は、どの情報を一画面で見られるか、調査結果を案件ごとに残せるか、社内で共有できるかを確認しましょう。|調査品質を安定させる観点::属人的な調査を減らすには、チェック項目、参照元、調査メモ、更新日を残せることが重要です。,https://www.remetis.jp/|https://xn--lcss68alvlysfomtekv.com/|https://www.jon.co.jp/lp/index-map-cloud/|https://www.torus.co.jp/pages/checker.html|https://www.trustart.co.jp/|https://www.bic-net.jp/
不動産追客・反響対応ツール比較,不動産追客・反響対応ツール比較｜問い合わせ対応と営業自動化の選び方,不動産追客・反響対応ツールは、問い合わせ直後の初動、継続フォロー、来店・査定・媒介獲得までの流れを支援できるかで比較します。,反響対応ツールを比較する際は、ポータル反響の取り込み、メール・SMS・LINE連絡、ステップ配信、対応漏れ通知、顧客ランク管理を確認します。,不動産売却|不動産仲介,反響対応|初回ヒアリング|売却活動管理|販売提案,不動産追客|反響対応|不動産営業支援|ステップ配信|顧客フォロー,コンベックス|Cocolive|いえらぶGROUP|いい生活|ミカタ|Facilo,追客ツール|反響対応|CRM|営業自動化,Digima|KASIKA|いえらぶCLOUD|いい生活 売買クラウド|Musubell|Facilo,../../assets/proptech-hero.png,不動産追客・反響対応ツール比較のイメージ,追客・反響対応ツールで比較すべきポイント::問い合わせ直後の初動速度と、その後の継続フォローが成果に直結します。ポータルや自社サイトからの反響を自動で取り込み、担当者に通知し、メールやSMS、LINEなどで追客できるかを比較しましょう。|自動化しすぎない運用設計::ステップ配信や自動返信は便利ですが、顧客の検討温度や相談内容に合わせて人が介入できる設計が必要です。,https://www.digima.com/|https://cocolive.co.jp/|https://ielove-cloud.jp/|https://www.es-service.net/|https://www.musubell.com/|https://www.facilo.jp/
IT導入補助金対応の不動産テックサービス比較,IT導入補助金対応の不動産テックサービス比較｜CRM・電子契約・反響対応の選び方,IT導入補助金で不動産テックを検討するときは、サービス名だけでなく、IT導入支援事業者、登録ITツール、対象経費、問い合わせ先を確認して比較することが重要です。,不動産会社がIT導入補助金を使って導入を検討しやすいCRM、反響対応、電子契約、査定、物件調査、物件管理系サービスを、補助対象の確認方法とあわせて整理します。すべてのサービスが自動的に対象になるわけではないため、最新年度の公式情報とベンダーへの確認を前提に比較します。,不動産売却|不動産仲介|不動産購入|不動産開発/不動産運用,反響対応|売却活動管理|重要事項説明|売買契約|売却価格査定|物件調査|物件情報整理,IT導入補助金|不動産テック|不動産CRM|電子契約|反響対応|物件管理システム|AI査定|登録ITツール,いえらぶGROUP|いい生活|Facilo|PICK|RESTAR,CRM|反響対応|電子契約|AI査定|物件調査|物件管理|営業支援,いえらぶCLOUD|いい生活 売買クラウド|Facilo|PICKFORM|REMETIS,../../assets/proptech-hero.png,IT導入補助金対応の不動産テックサービス比較のイメージ,補助金対応の根拠を先に確認する::公式サイトでは、対象となるITツールは事前に事務局の審査を受け、補助金HPに公開・登録されているものと説明されています。また、申請者は登録されたIT導入支援事業者とパートナーシップを組んで申請する必要があります。つまり「不動産テックだから対象」ではなく、「その年度に登録されたIT導入支援事業者が提供する登録ITツールだから対象になり得る」と考えるのが安全です。|比較すべきサービス領域::売買仲介では、CRM、反響対応、追客、物件提案、電子契約、査定、物件調査、販売資料作成のツールが候補になります。賃貸管理やPMでは、物件管理、入居者対応、工事・点検管理、会計連携、報告書作成も検討領域です。補助対象かどうかはサービス分類ではなく、登録ITツールと対象経費で確認します。|登録ITツールか確認する::同じ会社のサービスでも、対象になるプラン、オプション、導入費、クラウド利用料の範囲が分かれることがあります。サービスページに補助金対応と書かれていても、最新年度で登録済みか、ITツール番号とITツール名をベンダーに確認します。|問い合わせ方法を比較時に押さえる::不明点がある場合は、公式サイトの「お問い合わせ・相談窓口」または制度概要ページ下部の問い合わせ先を確認します。2026年版公式サイトでは、電話でのお問い合わせとして 0570-666-376、IP電話等からは 050-3133-3272、受付時間は9時30分から17時30分まで（土曜・日曜・祝日、年末年始を除く）と案内されています。問い合わせ時には、IT導入支援事業者名・法人番号、補助事業者名・法人番号、交付申請番号、ITツール番号・ITツール名を聞かれる場合があります。|導入前に見るべき費用項目::通常枠、インボイス関連の枠、セキュリティ関連の枠など、制度上の枠によって対象経費は異なります。ソフトウェア購入費、クラウド利用費、導入関連費、ハードウェア関連費がどこまで対象になるかは年度と枠で変わるため、見積書の内訳を分けて確認します。|サービス選定の注意点::補助率だけを見ると高額なツールを選びたくなりますが、導入後に使われなければ意味がありません。既存のポータル、CRM、会計、電子契約、物件管理との連携、データ移行、担当者教育、解約条件、補助対象外費用を含めた総額を確認します。|交付決定前の契約に注意する::補助金は、原則として交付決定前に契約、発注、支払い、導入を進めると対象外になるリスクがあります。導入を急ぎたい場合でも、申請スケジュール、交付決定日、契約日、利用開始日、支払日、実績報告期限を案件管理表に置いてから進めます。,https://it-shien.smrj.go.jp/about/|https://it-shien.smrj.go.jp/itvendor/about/|https://it-shien.smrj.go.jp/itvendor/procedure/ittool/|https://it-shien.smrj.go.jp/applicant/subsidy/normal/|https://it-shien.smrj.go.jp/applicant/subsidy/digitalbase/|https://it-shien.smrj.go.jp/faq/|https://it-shien.smrj.go.jp/contact/
