service,company,logoText,processes,assetTypes,tasks,tags,description,url,operatorNote,summary,targetIndustries,targetRoles,targetUseCases,painPoints,solutions,effects,comparisonPoints
REMETIS,RESTAR株式会社,RE,不動産売却|不動産仲介|不動産購入|不動産開発/不動産運用,事業用不動産|土地|オフィス|商業施設|物流施設|ホテル|賃貸住宅,物件情報整理|権利関係確認|売却価格査定|物件概要書作成|帯替え|買主探索|ソーシング|価格妥当性確認|DD管理|事業企画|用途検討|事業収支作成|レポーティング|売却出口戦略,統合データ|地理情報|ニーズマッチング|外部情報リサーチ,事業用不動産の社内情報を地図上でデータベース化し、売却物件と購入ニーズのマッチング、物件共有、マーケット・地理情報リサーチまで支援する統合プラットフォーム。,https://www.remetis.jp/,,事業用不動産の社内情報を地図上でデータベース化し、売却物件と購入ニーズのマッチング、物件共有、マーケット・地理情報リサーチまで支援する統合プラットフォーム。,売買仲介会社|不動産保有会社|デベロッパー|買取再販会社|不動産投資会社|AM会社|PM会社|不動産ファンド|物流不動産会社|オフィス仲介・管理会社,売却担当|媒介獲得担当|アセット売却担当|売買仲介営業|営業企画|契約担当|仕入担当|投資検討担当|審査担当|開発担当|AM担当|PM担当|運用管理担当,物件情報整理|権利関係確認|売却価格査定|物件概要書作成|帯替え|買主探索|ソーシング|価格妥当性確認,物件情報や候補案件が分散し、検索・共有に時間がかかる|価格や収支の根拠を短時間で説明しづらい|提案資料や内見準備が属人化し、顧客対応の品質に差が出る,統合データ|地理情報|ニーズマッチング|外部情報リサーチ|物件情報整理|権利関係確認|売却価格査定|物件概要書作成,情報共有と進捗確認をしやすくする|判断材料を整理し、説明品質を高める|査定・価格検討のスピードと根拠説明を強化する|資料作成や提案準備を標準化する|運用データを蓄積し、レポーティングや改善検討に活用しやすくする,対象アセットと対応エリア|既存CRM・物件管理・契約管理との連携可否|データ更新頻度と出典|料金体系とアカウント権限管理
D-NET,ベーシックインフォメーションセンター株式会社,BIC,不動産開発/不動産運用,土地|建設/工事|インフラ,ソーシング|事業企画|建設・改修管理|リーシング,土木工事情報|営業支援|市場調査,全国の土木工事情報を提供する法人向けデータサービス。開発周辺の公共工事動向や営業先探索に活用できる。,https://www.bic-net.jp/d-net/,,全国の土木工事情報を提供する法人向けデータサービス。開発周辺の公共工事動向や営業先探索に活用できる。,AM会社|PM会社|不動産ファンド|建設会社,開発担当|AM担当|PM担当|運用管理担当|工事管理担当,ソーシング|事業企画|建設・改修管理|リーシング,物件情報や候補案件が分散し、検索・共有に時間がかかる|登記・権利・周辺情報の調査に手作業が多く、抜け漏れ確認が重い,土木工事情報|営業支援|市場調査|ソーシング|事業企画|建設・改修管理|リーシング,情報共有と進捗確認をしやすくする|判断材料を整理し、説明品質を高める,対象アセットと対応エリア|既存CRM・物件管理・契約管理との連携可否|データ更新頻度と出典|料金体系とアカウント権限管理
KJ-NET,ベーシックインフォメーションセンター株式会社,BIC,不動産購入|不動産開発/不動産運用,土地|建設/工事|オフィス|商業施設|物流施設|ホテル|住宅,ソーシング|事業企画|用途検討|建設・改修管理,建築計画情報|市場調査|新規営業,全国建築計画物件情報を提供する法人向けデータサービス。不動産開発、建材・設備営業、周辺市場把握に使える。,https://www.bic-net.jp/,,全国建築計画物件情報を提供する法人向けデータサービス。不動産開発、建材・設備営業、周辺市場把握に使える。,買取再販会社|不動産投資会社|AM会社|PM会社|不動産ファンド|物流不動産会社|オフィス仲介・管理会社|建設会社,仕入担当|投資検討担当|審査担当|開発担当|AM担当|PM担当|運用管理担当|工事管理担当,ソーシング|事業企画|用途検討|建設・改修管理,物件情報や候補案件が分散し、検索・共有に時間がかかる|登記・権利・周辺情報の調査に手作業が多く、抜け漏れ確認が重い,建築計画情報|市場調査|新規営業|ソーシング|事業企画|用途検討|建設・改修管理,情報共有と進捗確認をしやすくする|判断材料を整理し、説明品質を高める,対象アセットと対応エリア|既存CRM・物件管理・契約管理との連携可否|データ更新頻度と出典|料金体系とアカウント権限管理
レリーズプラットフォーム,GOGEN株式会社,GO,不動産売却|不動産仲介|不動産購入,マンション|戸建|土地|住宅,媒介契約|重要事項説明|売買契約|契約・決済|決済・引渡し|売却活動管理|初回ヒアリング,電子契約|AI書類作成|顧客マイページ|案件管理,不動産取引に特化したクラウド型基幹システム。分譲マンション、住宅販売、実需仲介の導入事例では、売買契約・重要事項説明・契約書類管理を電子化し、顧客マイページによる書類共有、印紙代削減、分業部門間の進捗管理を支援している。,https://release.estate/,,不動産取引に特化したクラウド型基幹システム。分譲マンション、住宅販売、実需仲介の導入事例では、売買契約・重要事項説明・契約書類管理を電子化し、顧客マイページによる書類共有、印紙代削減、分業部門間の進捗管理を支援している。,売買仲介会社|不動産保有会社|デベロッパー|買取再販会社|不動産投資会社,売却担当|媒介獲得担当|アセット売却担当|売買仲介営業|営業企画|契約担当|仕入担当|投資検討担当|審査担当|契約事務|法務・コンプライアンス担当,媒介契約|重要事項説明|売買契約|契約・決済|決済・引渡し|売却活動管理|初回ヒアリング,契約書類、確認依頼、進捗管理が紙・メールに依存しやすい,電子契約|AI書類作成|顧客マイページ|案件管理|媒介契約|重要事項説明|売買契約|契約・決済,情報共有と進捗確認をしやすくする|判断材料を整理し、説明品質を高める|紙・郵送・印紙・確認依頼に関わる負荷を減らす,対象アセットと対応エリア|既存CRM・物件管理・契約管理との連携可否|データ更新頻度と出典|料金体系とアカウント権限管理
RESPORTクラウド,Prop Tech plus株式会社,PT,不動産開発/不動産運用,事業用不動産|オフィス|商業施設|物流施設|ホテル|賃貸住宅,PM/BM管理|賃貸借契約管理|レポーティング|契約・決済,電子指図書|信託不動産|ワークフロー|資産運用,信託不動産の指図業務をオンライン化する指図管理プラットフォーム。指図状況の俯瞰、関係者共有、履歴管理、社内決裁から交付・受領までの業務フロー改善を支援する。,https://resp-cloud.com/,,信託不動産の指図業務をオンライン化する指図管理プラットフォーム。指図状況の俯瞰、関係者共有、履歴管理、社内決裁から交付・受領までの業務フロー改善を支援する。,AM会社|PM会社|不動産ファンド|物流不動産会社|オフィス仲介・管理会社,開発担当|AM担当|PM担当|運用管理担当|契約事務|法務・コンプライアンス担当,PM/BM管理|賃貸借契約管理|レポーティング|契約・決済,契約書類、確認依頼、進捗管理が紙・メールに依存しやすい|管理・工事・契約情報が分断され、二重入力や確認工数が発生する,電子指図書|信託不動産|ワークフロー|資産運用|PM/BM管理|賃貸借契約管理|レポーティング|契約・決済,情報共有と進捗確認をしやすくする|判断材料を整理し、説明品質を高める|紙・郵送・印紙・確認依頼に関わる負荷を減らす|運用データを蓄積し、レポーティングや改善検討に活用しやすくする,対象アセットと対応エリア|既存CRM・物件管理・契約管理との連携可否|データ更新頻度と出典|料金体系とアカウント権限管理
R.E.DATA,TRUSTART株式会社,TR,不動産売却|不動産仲介|不動産購入|不動産開発/不動産運用,マンション|戸建|土地|事業用不動産|商業施設|物流施設|ホテル|駐車場,リード獲得|ソーシング|物件調査|権利関係確認|価格妥当性確認|DD管理|売却出口戦略,不動産オーナーデータ|登記情報|営業リスト|マーケット情報,全国の不動産アナログ情報をもとに、売却・購入・管理などの課題を持つ不動産オーナーの探索、登記異動情報の把握、ターゲティング、営業施策の立案を支援するデータサービス。,https://www.trustart.co.jp/,,全国の不動産アナログ情報をもとに、売却・購入・管理などの課題を持つ不動産オーナーの探索、登記異動情報の把握、ターゲティング、営業施策の立案を支援するデータサービス。,売買仲介会社|不動産保有会社|デベロッパー|買取再販会社|不動産投資会社|AM会社|PM会社|不動産ファンド|物流不動産会社,売却担当|媒介獲得担当|アセット売却担当|売買仲介営業|営業企画|契約担当|仕入担当|投資検討担当|審査担当|開発担当|AM担当|PM担当|運用管理担当,リード獲得|ソーシング|物件調査|権利関係確認|価格妥当性確認|DD管理|売却出口戦略,物件情報や候補案件が分散し、検索・共有に時間がかかる|価格や収支の根拠を短時間で説明しづらい|登記・権利・周辺情報の調査に手作業が多く、抜け漏れ確認が重い,不動産オーナーデータ|登記情報|営業リスト|マーケット情報|リード獲得|ソーシング|物件調査|権利関係確認,情報共有と進捗確認をしやすくする|判断材料を整理し、説明品質を高める|査定・価格検討のスピードと根拠説明を強化する,対象アセットと対応エリア|既存CRM・物件管理・契約管理との連携可否|データ更新頻度と出典|料金体系とアカウント権限管理
R.E.REPO,TRUSTART株式会社,TR,不動産売却|不動産仲介|不動産購入,マンション|戸建|土地|事業用不動産|商業施設|物流施設,物件調査|権利関係確認|重要事項説明|販売資料作成|DD管理,不動産調査|重要事項説明|アウトソーシング|リスク確認,重要事項説明書作成など複雑で時間のかかる不動産調査を、専門家監修と複数名チェック体制で支援する調査サービス。現地・役所調査を含む調査負荷の軽減に向く。,https://www.trustart.co.jp/,,重要事項説明書作成など複雑で時間のかかる不動産調査を、専門家監修と複数名チェック体制で支援する調査サービス。現地・役所調査を含む調査負荷の軽減に向く。,売買仲介会社|不動産保有会社|デベロッパー|買取再販会社|不動産投資会社|物流不動産会社,売却担当|媒介獲得担当|アセット売却担当|売買仲介営業|営業企画|契約担当|仕入担当|投資検討担当|審査担当,物件調査|権利関係確認|重要事項説明|販売資料作成|DD管理,契約書類、確認依頼、進捗管理が紙・メールに依存しやすい|提案資料や内見準備が属人化し、顧客対応の品質に差が出る|登記・権利・周辺情報の調査に手作業が多く、抜け漏れ確認が重い,不動産調査|重要事項説明|アウトソーシング|リスク確認|物件調査|権利関係確認|販売資料作成,情報共有と進捗確認をしやすくする|判断材料を整理し、説明品質を高める|資料作成や提案準備を標準化する,対象アセットと対応エリア|既存CRM・物件管理・契約管理との連携可否|データ更新頻度と出典|料金体系とアカウント権限管理
T2TR ComFort,Prop Tech plus株式会社,PT,不動産購入|不動産開発/不動産運用,事業用不動産|オフィス|商業施設|物流施設|ホテル|賃貸住宅,物件情報整理|PM/BM管理|賃貸借契約管理|事業収支作成|レポーティング|売却出口戦略,REIT運用|AM/PM/FM|ファンド管理|収支管理,REIT・私募ファンド・不動産所有管理向けに、PM・AM・FM業務、テナント契約、工事管理、物件収支、予実管理を統合する運用管理プラットフォーム。導入事例では、レントロール、工事申請、支払管理、PMレポートを一元化し、二重入力や紙稟議の削減に使われている。,https://service.proptech.plus/services/t2tr-comfort,,REIT・私募ファンド・不動産所有管理向けに、PM・AM・FM業務、テナント契約、工事管理、物件収支、予実管理を統合する運用管理プラットフォーム。導入事例では、レントロール、工事申請、支払管理、PMレポートを一元化し、二重入力や紙稟議の削減に使われている。,買取再販会社|不動産投資会社|AM会社|PM会社|不動産ファンド|物流不動産会社|オフィス仲介・管理会社,仕入担当|投資検討担当|審査担当|開発担当|AM担当|PM担当|運用管理担当|契約事務|法務・コンプライアンス担当,物件情報整理|PM/BM管理|賃貸借契約管理|事業収支作成|レポーティング|売却出口戦略,物件情報や候補案件が分散し、検索・共有に時間がかかる|契約書類、確認依頼、進捗管理が紙・メールに依存しやすい|管理・工事・契約情報が分断され、二重入力や確認工数が発生する,REIT運用|AM/PM/FM|ファンド管理|収支管理|物件情報整理|PM/BM管理|賃貸借契約管理|事業収支作成,情報共有と進捗確認をしやすくする|判断材料を整理し、説明品質を高める|紙・郵送・印紙・確認依頼に関わる負荷を減らす|運用データを蓄積し、レポーティングや改善検討に活用しやすくする,対象アセットと対応エリア|既存CRM・物件管理・契約管理との連携可否|データ更新頻度と出典|料金体系とアカウント権限管理
インデックスマップ＠クラウド,株式会社JON,JON,不動産売却|不動産仲介|不動産購入|不動産開発/不動産運用,土地|戸建|マンション|事業用不動産|インフラ,物件調査|権利関係確認|DD管理|販売資料作成|価格妥当性確認,地番地図|登記情報|公図|現地調査,地番地図、路線価図、登記情報、公図、地積測量図などをクラウドで確認・取得できる不動産登記活用プラットフォーム。物件調査や担保・権利確認の効率化に使える。,https://www.jon.co.jp/lp/index-map-cloud/,,地番地図、路線価図、登記情報、公図、地積測量図などをクラウドで確認・取得できる不動産登記活用プラットフォーム。物件調査や担保・権利確認の効率化に使える。,売買仲介会社|不動産保有会社|デベロッパー|買取再販会社|不動産投資会社|AM会社|PM会社|不動産ファンド,売却担当|媒介獲得担当|アセット売却担当|売買仲介営業|営業企画|契約担当|仕入担当|投資検討担当|審査担当|開発担当|AM担当|PM担当|運用管理担当,物件調査|権利関係確認|DD管理|販売資料作成|価格妥当性確認,価格や収支の根拠を短時間で説明しづらい|提案資料や内見準備が属人化し、顧客対応の品質に差が出る|登記・権利・周辺情報の調査に手作業が多く、抜け漏れ確認が重い,地番地図|登記情報|公図|現地調査|物件調査|権利関係確認|DD管理|販売資料作成,情報共有と進捗確認をしやすくする|判断材料を整理し、説明品質を高める|査定・価格検討のスピードと根拠説明を強化する|資料作成や提案準備を標準化する,対象アセットと対応エリア|既存CRM・物件管理・契約管理との連携可否|データ更新頻度と出典|料金体系とアカウント権限管理
ナーブVRクラウド,ナーブ株式会社,NV,不動産売却|不動産仲介,マンション|戸建|賃貸住宅,売却提案|販売資料作成|内見・案内|売却活動管理,VR内見|VRホームステージング|撮影予約|販売支援,不動産売買仲介向けに、360度パノラマ、VRホームステージング、撮影予約、クラウド管理を提供。導入事例では、来店前・遠隔地の顧客に物件の動線や室内イメージを伝え、売却活動時の物件訴求や案内前の比較検討を支援している。,https://www.nurve.jp/real-estate-agents/,,不動産売買仲介向けに、360度パノラマ、VRホームステージング、撮影予約、クラウド管理を提供。導入事例では、来店前・遠隔地の顧客に物件の動線や室内イメージを伝え、売却活動時の物件訴求や案内前の比較検討を支援している。,売買仲介会社|不動産保有会社|デベロッパー,売却担当|媒介獲得担当|アセット売却担当|売買仲介営業|営業企画|契約担当,売却提案|販売資料作成|内見・案内|売却活動管理,提案資料や内見準備が属人化し、顧客対応の品質に差が出る,VR内見|VRホームステージング|撮影予約|販売支援|売却提案|販売資料作成|内見・案内|売却活動管理,情報共有と進捗確認をしやすくする|判断材料を整理し、説明品質を高める|資料作成や提案準備を標準化する,対象アセットと対応エリア|既存CRM・物件管理・契約管理との連携可否|データ更新頻度と出典|料金体系とアカウント権限管理
不動産チェッカー,株式会社トーラス,TRS,不動産売却|不動産仲介|不動産購入|不動産開発/不動産運用,土地|戸建|マンション|事業用不動産,物件調査|権利関係確認|ソーシング|価格妥当性確認|DD管理,登記情報|地図検索|営業リスト|データ抽出,地図上にピンを立てて土地情報の確認や登記簿取得を行える調査・マーケティングツール。築古物件、相続・売買情報、面積、地主調査などの切り口でデータを分析できる。,https://www.torus.co.jp/pages/checker.html,,地図上にピンを立てて土地情報の確認や登記簿取得を行える調査・マーケティングツール。築古物件、相続・売買情報、面積、地主調査などの切り口でデータを分析できる。,売買仲介会社|不動産保有会社|デベロッパー|買取再販会社|不動産投資会社|AM会社|PM会社|不動産ファンド,売却担当|媒介獲得担当|アセット売却担当|売買仲介営業|営業企画|契約担当|仕入担当|投資検討担当|審査担当|開発担当|AM担当|PM担当|運用管理担当,物件調査|権利関係確認|ソーシング|価格妥当性確認|DD管理,物件情報や候補案件が分散し、検索・共有に時間がかかる|価格や収支の根拠を短時間で説明しづらい|登記・権利・周辺情報の調査に手作業が多く、抜け漏れ確認が重い,登記情報|地図検索|営業リスト|データ抽出|物件調査|権利関係確認|ソーシング|価格妥当性確認,情報共有と進捗確認をしやすくする|判断材料を整理し、説明品質を高める|査定・価格検討のスピードと根拠説明を強化する,対象アセットと対応エリア|既存CRM・物件管理・契約管理との連携可否|データ更新頻度と出典|料金体系とアカウント権限管理
SRE AI査定CLOUD,SRE AI Partners株式会社,SRE,不動産売却|不動産購入,マンション|戸建|土地,売却価格査定|価格妥当性確認|売却提案,AI査定|価格査定,AIによる不動産価格査定をクラウドで提供。売却査定や取得検討の初期判断に使える。SREホールディングスグループでは不動産仲介コンサルティングやアセットマネジメント事業も行うため、比較時はその点も確認したい。,https://sre-ai-partners.co.jp/service/srecloud/aisateicloud/,SREホールディングスグループは、不動産仲介コンサルティングやアセットマネジメント事業も行っています。,AIによる不動産価格査定をクラウドで提供。売却査定や取得検討の初期判断に使える。SREホールディングスグループでは不動産仲介コンサルティングやアセットマネジメント事業も行うため、比較時はその点も確認したい。,不動産保有会社|デベロッパー|買取再販会社|不動産投資会社,売却担当|媒介獲得担当|アセット売却担当|仕入担当|投資検討担当|審査担当,売却価格査定|価格妥当性確認|売却提案,価格や収支の根拠を短時間で説明しづらい,AI査定|価格査定|売却価格査定|価格妥当性確認|売却提案,情報共有と進捗確認をしやすくする|判断材料を整理し、説明品質を高める|査定・価格検討のスピードと根拠説明を強化する,対象アセットと対応エリア|既存CRM・物件管理・契約管理との連携可否|データ更新頻度と出典|料金体系とアカウント権限管理|提供会社またはグループ会社の不動産実業との関係
スマサテ,リーウェイズ株式会社,SS,不動産売却|不動産購入,マンション|賃貸住宅,売却価格査定|売却提案|価格妥当性確認,AI査定|マーケット情報,マンション・賃貸住宅の査定や将来賃料予測を支援。売却提案前の価格妥当性確認に使いやすい。,https://sumasate.jp/,,マンション・賃貸住宅の査定や将来賃料予測を支援。売却提案前の価格妥当性確認に使いやすい。,不動産保有会社|デベロッパー|買取再販会社|不動産投資会社,売却担当|媒介獲得担当|アセット売却担当|仕入担当|投資検討担当|審査担当,売却価格査定|売却提案|価格妥当性確認,価格や収支の根拠を短時間で説明しづらい,AI査定|マーケット情報|売却価格査定|売却提案|価格妥当性確認,情報共有と進捗確認をしやすくする|判断材料を整理し、説明品質を高める|査定・価格検討のスピードと根拠説明を強化する,対象アセットと対応エリア|既存CRM・物件管理・契約管理との連携可否|データ更新頻度と出典|料金体系とアカウント権限管理
Gate.,リーウェイズ株式会社,GT,不動産購入|不動産開発/不動産運用,収益不動産|賃貸住宅|マンション,価格妥当性確認|事業収支作成|売却出口戦略,AI収支分析|投資判断,収益不動産の投資分析を支援。賃料・空室・価格を踏まえた取得判断と出口検討に使える。,https://ai.gate.estate/,,収益不動産の投資分析を支援。賃料・空室・価格を踏まえた取得判断と出口検討に使える。,買取再販会社|不動産投資会社|AM会社|PM会社|不動産ファンド,仕入担当|投資検討担当|審査担当|開発担当|AM担当|PM担当|運用管理担当,価格妥当性確認|事業収支作成|売却出口戦略,価格や収支の根拠を短時間で説明しづらい,AI収支分析|投資判断|価格妥当性確認|事業収支作成|売却出口戦略,情報共有と進捗確認をしやすくする|判断材料を整理し、説明品質を高める|査定・価格検討のスピードと根拠説明を強化する,対象アセットと対応エリア|既存CRM・物件管理・契約管理との連携可否|データ更新頻度と出典|料金体系とアカウント権限管理
デベNAVI,つくるAI株式会社,DN,不動産仲介|不動産購入|不動産開発/不動産運用,土地|賃貸住宅|マンション|オフィス,ソーシング|初期スクリーニング|価格妥当性確認|DD管理|事業企画|用途検討|事業収支作成|物件情報整理,ボリュームチェック|用地仕入|事業性検証|物件管理,土地のボリュームチェック、開発前提価格の概算、物件情報の一元管理を支援する案件検討DXサービス。グループ会社につくる地所株式会社などの不動産開発・投資事業会社がある点も確認しておきたい。,https://tsukuru-ai.co.jp/deve-navi,トグルホールディングスグループ内に、不動産開発・不動産投資を行うつくる地所株式会社などがあります。,土地のボリュームチェック、開発前提価格の概算、物件情報の一元管理を支援する案件検討DXサービス。グループ会社につくる地所株式会社などの不動産開発・投資事業会社がある点も確認しておきたい。,売買仲介会社|買取再販会社|不動産投資会社|AM会社|PM会社|不動産ファンド|オフィス仲介・管理会社,売買仲介営業|営業企画|契約担当|仕入担当|投資検討担当|審査担当|開発担当|AM担当|PM担当|運用管理担当,ソーシング|初期スクリーニング|価格妥当性確認|DD管理|事業企画|用途検討|事業収支作成|物件情報整理,物件情報や候補案件が分散し、検索・共有に時間がかかる|価格や収支の根拠を短時間で説明しづらい,ボリュームチェック|用地仕入|事業性検証|物件管理|ソーシング|初期スクリーニング|価格妥当性確認|DD管理,情報共有と進捗確認をしやすくする|判断材料を整理し、説明品質を高める|査定・価格検討のスピードと根拠説明を強化する,対象アセットと対応エリア|既存CRM・物件管理・契約管理との連携可否|データ更新頻度と出典|料金体系とアカウント権限管理|提供会社またはグループ会社の不動産実業との関係
TASUKI TECH LAND,株式会社ZISEDAI（タスキグループ）,TL,不動産購入|不動産開発/不動産運用,土地|賃貸住宅|マンション,ソーシング|物件情報整理|価格妥当性確認|DD管理|事業企画|用途検討|レポーティング,土地仕入管理|GIS|AI OCR|都市計画情報,土地所有者や仲介事業者から届く用地・物件仕入情報をクラウドで一元管理し、都市計画情報の自動取得やAI-OCRで仕入検討を支援するSaaS。タスキグループは新築投資用IoTレジデンスの企画開発など不動産実業も行う。,https://tasukicorp.co.jp/news/8550/,提供会社のグループは、新築投資用IoTレジデンスの企画開発など不動産実業も行っています。,土地所有者や仲介事業者から届く用地・物件仕入情報をクラウドで一元管理し、都市計画情報の自動取得やAI-OCRで仕入検討を支援するSaaS。タスキグループは新築投資用IoTレジデンスの企画開発など不動産実業も行う。,買取再販会社|不動産投資会社|AM会社|PM会社|不動産ファンド,仕入担当|投資検討担当|審査担当|開発担当|AM担当|PM担当|運用管理担当,ソーシング|物件情報整理|価格妥当性確認|DD管理|事業企画|用途検討|レポーティング,物件情報や候補案件が分散し、検索・共有に時間がかかる|価格や収支の根拠を短時間で説明しづらい,土地仕入管理|GIS|AI OCR|都市計画情報|ソーシング|物件情報整理|価格妥当性確認|DD管理,情報共有と進捗確認をしやすくする|判断材料を整理し、説明品質を高める|査定・価格検討のスピードと根拠説明を強化する|運用データを蓄積し、レポーティングや改善検討に活用しやすくする,対象アセットと対応エリア|既存CRM・物件管理・契約管理との連携可否|データ更新頻度と出典|料金体系とアカウント権限管理|提供会社またはグループ会社の不動産実業との関係
TAS-MAP,株式会社タス,TAS,不動産売却|不動産購入|不動産開発/不動産運用,マンション|戸建|土地|賃貸住宅|収益不動産,売却価格査定|価格妥当性確認|事業収支作成,賃料査定|空室率|投資分析,賃料・空室率・価格水準などの分析を行う不動産評価支援サービス。収益物件の売却・取得検討に向く。,https://corporate.tas-japan.com/corporate/about-us/,,賃料・空室率・価格水準などの分析を行う不動産評価支援サービス。収益物件の売却・取得検討に向く。,不動産保有会社|デベロッパー|買取再販会社|不動産投資会社|AM会社|PM会社|不動産ファンド,売却担当|媒介獲得担当|アセット売却担当|仕入担当|投資検討担当|審査担当|開発担当|AM担当|PM担当|運用管理担当,売却価格査定|価格妥当性確認|事業収支作成,価格や収支の根拠を短時間で説明しづらい,賃料査定|空室率|投資分析|売却価格査定|価格妥当性確認|事業収支作成,情報共有と進捗確認をしやすくする|判断材料を整理し、説明品質を高める|査定・価格検討のスピードと根拠説明を強化する,対象アセットと対応エリア|既存CRM・物件管理・契約管理との連携可否|データ更新頻度と出典|料金体系とアカウント権限管理
マンション査定システム,株式会社東京カンテイ,TK,不動産売却|不動産仲介,マンション,売却価格査定|売却提案|販売資料作成,価格査定|マンション|査定書,専有面積、階数、方位などから査定額と査定書作成を支援する東京カンテイの法人向けサービス。,https://www.hp.kantei.ne.jp/,,専有面積、階数、方位などから査定額と査定書作成を支援する東京カンテイの法人向けサービス。,売買仲介会社|不動産保有会社|デベロッパー,売却担当|媒介獲得担当|アセット売却担当|売買仲介営業|営業企画|契約担当,売却価格査定|売却提案|販売資料作成,価格や収支の根拠を短時間で説明しづらい|提案資料や内見準備が属人化し、顧客対応の品質に差が出る,価格査定|マンション|査定書|売却価格査定|売却提案|販売資料作成,情報共有と進捗確認をしやすくする|判断材料を整理し、説明品質を高める|査定・価格検討のスピードと根拠説明を強化する|資料作成や提案準備を標準化する,対象アセットと対応エリア|既存CRM・物件管理・契約管理との連携可否|データ更新頻度と出典|料金体系とアカウント権限管理
土地査定システム,株式会社東京カンテイ,TK,不動産売却|不動産購入|不動産開発/不動産運用,土地,売却価格査定|価格妥当性確認|事業企画,土地査定|価格査定|査定書,土地の取引事例、公示・基準地などをもとに査定額と査定書作成を支援する法人向けサービス。,https://www.hp.kantei.ne.jp/lp/estate_assessment_tochi/01/index.html,,土地の取引事例、公示・基準地などをもとに査定額と査定書作成を支援する法人向けサービス。,不動産保有会社|デベロッパー|買取再販会社|不動産投資会社|AM会社|PM会社|不動産ファンド,売却担当|媒介獲得担当|アセット売却担当|仕入担当|投資検討担当|審査担当|開発担当|AM担当|PM担当|運用管理担当,売却価格査定|価格妥当性確認|事業企画,価格や収支の根拠を短時間で説明しづらい,土地査定|価格査定|査定書|売却価格査定|価格妥当性確認|事業企画,情報共有と進捗確認をしやすくする|判断材料を整理し、説明品質を高める|査定・価格検討のスピードと根拠説明を強化する,対象アセットと対応エリア|既存CRM・物件管理・契約管理との連携可否|データ更新頻度と出典|料金体系とアカウント権限管理
カタログコピーサービス,株式会社東京カンテイ,TK,不動産売却|不動産仲介|不動産購入,マンション,物件情報整理|販売資料作成|DD管理,カタログ情報|間取図|分譲時資料,指定マンションの間取図、平面図、建築概要、分譲時価格表などを取得する会員制データサービス。,https://www.kantei.ne.jp/wp-content/uploads/service_estate_list.pdf,,指定マンションの間取図、平面図、建築概要、分譲時価格表などを取得する会員制データサービス。,売買仲介会社|不動産保有会社|デベロッパー|買取再販会社|不動産投資会社,売却担当|媒介獲得担当|アセット売却担当|売買仲介営業|営業企画|契約担当|仕入担当|投資検討担当|審査担当,物件情報整理|販売資料作成|DD管理,物件情報や候補案件が分散し、検索・共有に時間がかかる|提案資料や内見準備が属人化し、顧客対応の品質に差が出る,カタログ情報|間取図|分譲時資料|物件情報整理|販売資料作成|DD管理,情報共有と進捗確認をしやすくする|判断材料を整理し、説明品質を高める|資料作成や提案準備を標準化する,対象アセットと対応エリア|既存CRM・物件管理・契約管理との連携可否|データ更新頻度と出典|料金体系とアカウント権限管理
マンション相場Plus,株式会社東京カンテイ,TK,不動産売却|不動産購入,マンション,売却価格査定|価格妥当性確認|販売資料作成,相場情報|売買事例|賃貸事例,指定マンションの新築時情報、中古価格推移、売買・賃貸事例サマリをまとめて確認する会員制サービス。,https://www.kantei.ne.jp/wp-content/uploads/service_estate_list.pdf,,指定マンションの新築時情報、中古価格推移、売買・賃貸事例サマリをまとめて確認する会員制サービス。,不動産保有会社|デベロッパー|買取再販会社|不動産投資会社,売却担当|媒介獲得担当|アセット売却担当|仕入担当|投資検討担当|審査担当,売却価格査定|価格妥当性確認|販売資料作成,価格や収支の根拠を短時間で説明しづらい|提案資料や内見準備が属人化し、顧客対応の品質に差が出る,相場情報|売買事例|賃貸事例|売却価格査定|価格妥当性確認|販売資料作成,情報共有と進捗確認をしやすくする|判断材料を整理し、説明品質を高める|査定・価格検討のスピードと根拠説明を強化する|資料作成や提案準備を標準化する,対象アセットと対応エリア|既存CRM・物件管理・契約管理との連携可否|データ更新頻度と出典|料金体系とアカウント権限管理
土地相場Plus,株式会社東京カンテイ,TK,不動産売却|不動産購入|不動産開発/不動産運用,土地,価格妥当性確認|事業企画|DD管理,土地価格|路線価|公示地価,対象地付近の路線価、実勢価格、公示・基準地、流通情報を網羅的に確認する会員制データサービス。,https://www.kantei.ne.jp/wp-content/uploads/service_estate_list.pdf,,対象地付近の路線価、実勢価格、公示・基準地、流通情報を網羅的に確認する会員制データサービス。,不動産保有会社|デベロッパー|買取再販会社|不動産投資会社|AM会社|PM会社|不動産ファンド,売却担当|媒介獲得担当|アセット売却担当|仕入担当|投資検討担当|審査担当|開発担当|AM担当|PM担当|運用管理担当,価格妥当性確認|事業企画|DD管理,価格や収支の根拠を短時間で説明しづらい,土地価格|路線価|公示地価|価格妥当性確認|事業企画|DD管理,情報共有と進捗確認をしやすくする|判断材料を整理し、説明品質を高める|査定・価格検討のスピードと根拠説明を強化する,対象アセットと対応エリア|既存CRM・物件管理・契約管理との連携可否|データ更新頻度と出典|料金体系とアカウント権限管理
Facilo,株式会社Facilo,FC,不動産仲介,マンション|戸建|土地,売却提案|販売資料作成|売却活動管理|買主探索|内見・案内|物件概要書作成|帯替え,営業支援|顧客マイページ|販売活動管理,売買仲介会社の提案・追客・販売活動報告をクラウド化。仲介担当者と売主・買主との情報共有を可視化する。,https://www.facilo.jp/,,売買仲介会社の提案・追客・販売活動報告をクラウド化。仲介担当者と売主・買主との情報共有を可視化する。,売買仲介会社,売買仲介営業|営業企画|契約担当,売却提案|販売資料作成|売却活動管理|買主探索|内見・案内|物件概要書作成|帯替え,提案資料や内見準備が属人化し、顧客対応の品質に差が出る,営業支援|顧客マイページ|販売活動管理|売却提案|販売資料作成|売却活動管理|買主探索,情報共有と進捗確認をしやすくする|判断材料を整理し、説明品質を高める|資料作成や提案準備を標準化する,対象アセットと対応エリア|既存CRM・物件管理・契約管理との連携可否|データ更新頻度と出典|料金体系とアカウント権限管理
フォレストPRO,株式会社オープンルーム,FP,不動産売却|不動産仲介|不動産購入,マンション|戸建|土地|賃貸住宅,物件概要書作成|帯替え|物件情報整理|販売資料作成|買主探索|内見・案内|重要事項説明,AI OCR|帯替え|物件提案|営業支援,レインズやATBBなどからの物件取り込み、販売用図面の編集・帯替え、AI-OCR、顧客向けマイページ共有までを支援する不動産仲介向け営業支援ツール。,https://forest.openrm.jp/products/pro.html,,レインズやATBBなどからの物件取り込み、販売用図面の編集・帯替え、AI-OCR、顧客向けマイページ共有までを支援する不動産仲介向け営業支援ツール。,売買仲介会社|不動産保有会社|デベロッパー|買取再販会社|不動産投資会社,売却担当|媒介獲得担当|アセット売却担当|売買仲介営業|営業企画|契約担当|仕入担当|投資検討担当|審査担当,物件概要書作成|帯替え|物件情報整理|販売資料作成|買主探索|内見・案内|重要事項説明,物件情報や候補案件が分散し、検索・共有に時間がかかる|契約書類、確認依頼、進捗管理が紙・メールに依存しやすい|提案資料や内見準備が属人化し、顧客対応の品質に差が出る,AI OCR|帯替え|物件提案|営業支援|物件概要書作成|物件情報整理|販売資料作成,情報共有と進捗確認をしやすくする|判断材料を整理し、説明品質を高める|資料作成や提案準備を標準化する,対象アセットと対応エリア|既存CRM・物件管理・契約管理との連携可否|データ更新頻度と出典|料金体系とアカウント権限管理
いえらぶCLOUD,株式会社いえらぶGROUP,IL,不動産売却|不動産仲介,マンション|戸建|土地|賃貸住宅|店舗/事務所,物件情報整理|リード獲得|販売資料作成|売却活動管理,業務基幹|物件管理|反響管理,物件管理、反響管理、広告出稿、顧客管理を一元化する不動産会社向け業務支援クラウド。,https://ielove-cloud.jp/,,物件管理、反響管理、広告出稿、顧客管理を一元化する不動産会社向け業務支援クラウド。,売買仲介会社|不動産保有会社|デベロッパー,売却担当|媒介獲得担当|アセット売却担当|売買仲介営業|営業企画|契約担当,物件情報整理|リード獲得|販売資料作成|売却活動管理,物件情報や候補案件が分散し、検索・共有に時間がかかる|提案資料や内見準備が属人化し、顧客対応の品質に差が出る,業務基幹|物件管理|反響管理|物件情報整理|リード獲得|販売資料作成|売却活動管理,情報共有と進捗確認をしやすくする|判断材料を整理し、説明品質を高める|資料作成や提案準備を標準化する,対象アセットと対応エリア|既存CRM・物件管理・契約管理との連携可否|データ更新頻度と出典|料金体系とアカウント権限管理
いい生活 売買クラウド,株式会社いい生活,ES,不動産売却|不動産仲介,マンション|戸建|土地|賃貸住宅|店舗/事務所,物件情報整理|売却活動管理|販売資料作成,業務基幹|物件管理|広告出稿,売買仲介の物件・顧客・広告業務をクラウドで管理。店舗横断の情報整備に向く。,https://www.es-service.net/,,売買仲介の物件・顧客・広告業務をクラウドで管理。店舗横断の情報整備に向く。,売買仲介会社|不動産保有会社|デベロッパー,売却担当|媒介獲得担当|アセット売却担当|売買仲介営業|営業企画|契約担当,物件情報整理|売却活動管理|販売資料作成,物件情報や候補案件が分散し、検索・共有に時間がかかる|提案資料や内見準備が属人化し、顧客対応の品質に差が出る,業務基幹|物件管理|広告出稿|物件情報整理|売却活動管理|販売資料作成,情報共有と進捗確認をしやすくする|判断材料を整理し、説明品質を高める|資料作成や提案準備を標準化する,対象アセットと対応エリア|既存CRM・物件管理・契約管理との連携可否|データ更新頻度と出典|料金体系とアカウント権限管理
ATBB,アットホーム株式会社,AT,不動産仲介|不動産購入,マンション|戸建|土地|賃貸住宅|店舗/事務所,ソーシング|物件情報整理|買主探索|販売資料作成,業者間流通|物件管理|成約事例,加盟店向けの不動産情報流通プラットフォーム。物件情報、成約事例、不動産調査などを業務側で扱う。,https://business.athome.jp/service/atbb/,,加盟店向けの不動産情報流通プラットフォーム。物件情報、成約事例、不動産調査などを業務側で扱う。,売買仲介会社|買取再販会社|不動産投資会社,売買仲介営業|営業企画|契約担当|仕入担当|投資検討担当|審査担当,ソーシング|物件情報整理|買主探索|販売資料作成,物件情報や候補案件が分散し、検索・共有に時間がかかる|提案資料や内見準備が属人化し、顧客対応の品質に差が出る,業者間流通|物件管理|成約事例|ソーシング|物件情報整理|買主探索|販売資料作成,情報共有と進捗確認をしやすくする|判断材料を整理し、説明品質を高める|資料作成や提案準備を標準化する,対象アセットと対応エリア|既存CRM・物件管理・契約管理との連携可否|データ更新頻度と出典|料金体系とアカウント権限管理
スマート契約,アットホーム株式会社,AT,不動産売却|不動産仲介|不動産購入,マンション|戸建|土地|賃貸住宅|店舗/事務所,媒介契約|重要事項説明|売買契約|契約・クロージング,電子契約|電磁的交付|契約管理,不動産会社向けに契約業務をオンライン化するサービス。電磁的交付の同意取得など不動産取引フローに対応する。,https://business.athome.jp/service/smart_keiyaku/,,不動産会社向けに契約業務をオンライン化するサービス。電磁的交付の同意取得など不動産取引フローに対応する。,売買仲介会社|不動産保有会社|デベロッパー|買取再販会社|不動産投資会社,売却担当|媒介獲得担当|アセット売却担当|売買仲介営業|営業企画|契約担当|仕入担当|投資検討担当|審査担当|契約事務|法務・コンプライアンス担当,媒介契約|重要事項説明|売買契約|契約・クロージング,契約書類、確認依頼、進捗管理が紙・メールに依存しやすい,電子契約|電磁的交付|契約管理|媒介契約|重要事項説明|売買契約|契約・クロージング,情報共有と進捗確認をしやすくする|判断材料を整理し、説明品質を高める|紙・郵送・印紙・確認依頼に関わる負荷を減らす,対象アセットと対応エリア|既存CRM・物件管理・契約管理との連携可否|データ更新頻度と出典|料金体系とアカウント権限管理
Digima,株式会社コンベックス,DG,不動産仲介,マンション|戸建|土地,リード獲得|初回ヒアリング|売却活動管理,追客|CRM|MA,反響後の顧客対応をメール・SMS・電話履歴で管理。仲介営業の追客漏れを減らす。,https://www.digima.com/,,反響後の顧客対応をメール・SMS・電話履歴で管理。仲介営業の追客漏れを減らす。,売買仲介会社,売買仲介営業|営業企画|契約担当,リード獲得|初回ヒアリング|売却活動管理,情報収集、社内共有、判断資料作成に手間がかかる|担当者ごとに業務品質や判断基準がばらつきやすい,追客|CRM|MA|リード獲得|初回ヒアリング|売却活動管理,情報共有と進捗確認をしやすくする|判断材料を整理し、説明品質を高める,対象アセットと対応エリア|既存CRM・物件管理・契約管理との連携可否|データ更新頻度と出典|料金体系とアカウント権限管理
KASIKA,Cocolive株式会社,KS,不動産仲介,マンション|戸建|土地|住宅,リード獲得|初回ヒアリング|売却活動管理,追客|CRM|MA,不動産営業向けの自動追客・顧客管理サービス。見込み客の温度感把握と再アプローチを支援する。,https://cocolive.co.jp/,,不動産営業向けの自動追客・顧客管理サービス。見込み客の温度感把握と再アプローチを支援する。,売買仲介会社,売買仲介営業|営業企画|契約担当,リード獲得|初回ヒアリング|売却活動管理,情報収集、社内共有、判断資料作成に手間がかかる|担当者ごとに業務品質や判断基準がばらつきやすい,追客|CRM|MA|リード獲得|初回ヒアリング|売却活動管理,情報共有と進捗確認をしやすくする|判断材料を整理し、説明品質を高める,対象アセットと対応エリア|既存CRM・物件管理・契約管理との連携可否|データ更新頻度と出典|料金体系とアカウント権限管理
PICKFORM,株式会社PICK,PF,不動産売却|不動産仲介|不動産購入,マンション|戸建|土地|賃貸住宅,媒介契約|重要事項説明|売買契約|契約・クロージング,電子契約|案件管理|顧客管理,不動産・建築DXプラットフォーム。電子契約、案件管理、顧客管理を不動産取引の流れに合わせて支援する。,https://pick-hp.com/pickform,,不動産・建築DXプラットフォーム。電子契約、案件管理、顧客管理を不動産取引の流れに合わせて支援する。,売買仲介会社|不動産保有会社|デベロッパー|買取再販会社|不動産投資会社,売却担当|媒介獲得担当|アセット売却担当|売買仲介営業|営業企画|契約担当|仕入担当|投資検討担当|審査担当|契約事務|法務・コンプライアンス担当,媒介契約|重要事項説明|売買契約|契約・クロージング,契約書類、確認依頼、進捗管理が紙・メールに依存しやすい,電子契約|案件管理|顧客管理|媒介契約|重要事項説明|売買契約|契約・クロージング,情報共有と進捗確認をしやすくする|判断材料を整理し、説明品質を高める|紙・郵送・印紙・確認依頼に関わる負荷を減らす,対象アセットと対応エリア|既存CRM・物件管理・契約管理との連携可否|データ更新頻度と出典|料金体系とアカウント権限管理
ア・ソコ,株式会社イデアロジー,AS,不動産仲介|不動産購入,物流施設,ソーシング|物件調査|価格妥当性確認|内見・案内|賃貸借契約管理,物流施設|倉庫検索|オンライン契約|物件比較,物流施設・倉庫に特化したオンライン検索・契約サービス。物流倉庫の検索、資料請求、内覧調整、見積依頼、複数物件の比較、契約手続きまでをオンラインで支援する。,https://www.a-soko.jp/p/topWeb,,物流施設・倉庫に特化したオンライン検索・契約サービス。物流倉庫の検索、資料請求、内覧調整、見積依頼、複数物件の比較、契約手続きまでをオンラインで支援する。,売買仲介会社|買取再販会社|不動産投資会社|物流不動産会社,売買仲介営業|営業企画|契約担当|仕入担当|投資検討担当|審査担当|契約事務|法務・コンプライアンス担当,ソーシング|物件調査|価格妥当性確認|内見・案内|賃貸借契約管理,物件情報や候補案件が分散し、検索・共有に時間がかかる|価格や収支の根拠を短時間で説明しづらい|契約書類、確認依頼、進捗管理が紙・メールに依存しやすい|提案資料や内見準備が属人化し、顧客対応の品質に差が出る|管理・工事・契約情報が分断され、二重入力や確認工数が発生する,物流施設|倉庫検索|オンライン契約|物件比較|ソーシング|物件調査|価格妥当性確認|内見・案内,情報共有と進捗確認をしやすくする|判断材料を整理し、説明品質を高める|紙・郵送・印紙・確認依頼に関わる負荷を減らす|査定・価格検討のスピードと根拠説明を強化する,対象アセットと対応エリア|既存CRM・物件管理・契約管理との連携可否|データ更新頻度と出典|料金体系とアカウント権限管理
登記簿図書館,株式会社情報通信ネットワーク,TB,不動産売却|不動産仲介|不動産購入,マンション|戸建|土地|事業用不動産,権利関係確認|物件調査|DD管理,登記情報|物件調査|DD,登記情報や公図などの取得・閲覧を支援する民間サービス。調査・DDの一次確認に使いやすい。,https://xn--lcss68alvlysfomtekv.com/,,登記情報や公図などの取得・閲覧を支援する民間サービス。調査・DDの一次確認に使いやすい。,売買仲介会社|不動産保有会社|デベロッパー|買取再販会社|不動産投資会社,売却担当|媒介獲得担当|アセット売却担当|売買仲介営業|営業企画|契約担当|仕入担当|投資検討担当|審査担当,権利関係確認|物件調査|DD管理,登記・権利・周辺情報の調査に手作業が多く、抜け漏れ確認が重い,登記情報|物件調査|DD|権利関係確認|DD管理,情報共有と進捗確認をしやすくする|判断材料を整理し、説明品質を高める,対象アセットと対応エリア|既存CRM・物件管理・契約管理との連携可否|データ更新頻度と出典|料金体系とアカウント権限管理
ROOV,株式会社スタイルポート,RV,不動産仲介|不動産購入|不動産開発/不動産運用,マンション|戸建,内見・案内|販売資料作成|買主探索,VR内覧|3DCG|販売支援,3D・VRで住空間を可視化し、販売現場やオンライン接客での検討体験を高める。,https://styleport.co.jp/roov/,,3D・VRで住空間を可視化し、販売現場やオンライン接客での検討体験を高める。,売買仲介会社|買取再販会社|不動産投資会社|AM会社|PM会社|不動産ファンド,売買仲介営業|営業企画|契約担当|仕入担当|投資検討担当|審査担当|開発担当|AM担当|PM担当|運用管理担当,内見・案内|販売資料作成|買主探索,提案資料や内見準備が属人化し、顧客対応の品質に差が出る,VR内覧|3DCG|販売支援|内見・案内|販売資料作成|買主探索,情報共有と進捗確認をしやすくする|判断材料を整理し、説明品質を高める|資料作成や提案準備を標準化する,対象アセットと対応エリア|既存CRM・物件管理・契約管理との連携可否|データ更新頻度と出典|料金体系とアカウント権限管理
スペースリー,株式会社スペースリー,SP,不動産売却|不動産仲介,マンション|戸建|賃貸住宅|店舗/事務所,内見・案内|販売資料作成|売却提案|売却活動管理,VR内覧|オンライン接客|販売支援,360度VRコンテンツを作成・共有し、売却活動時の物件訴求、媒介提案、遠隔案内を支援する。,https://spacely.co.jp/,,360度VRコンテンツを作成・共有し、売却活動時の物件訴求、媒介提案、遠隔案内を支援する。,売買仲介会社|不動産保有会社|デベロッパー,売却担当|媒介獲得担当|アセット売却担当|売買仲介営業|営業企画|契約担当,内見・案内|販売資料作成|売却提案|売却活動管理,提案資料や内見準備が属人化し、顧客対応の品質に差が出る,VR内覧|オンライン接客|販売支援|内見・案内|販売資料作成|売却提案|売却活動管理,情報共有と進捗確認をしやすくする|判断材料を整理し、説明品質を高める|資料作成や提案準備を標準化する,対象アセットと対応エリア|既存CRM・物件管理・契約管理との連携可否|データ更新頻度と出典|料金体系とアカウント権限管理
OFFICE RESEARCH,株式会社ボルテックス,OR,不動産購入|不動産開発/不動産運用,オフィス,ソーシング|事業企画|リーシング|売却出口戦略,オフィス|マーケット情報|事業用不動産,オフィス市場の情報収集・比較を支援。事業用不動産の取得、運用、出口検討で参照しやすい。提供会社のボルテックスは区分所有オフィス、Vシェア、不動産開発などの不動産実業も行う。,https://www.vortex-net.com/service/officeresearch/,提供会社のボルテックスは、区分所有オフィス、Vシェア、不動産開発などの不動産実業を行っています。,オフィス市場の情報収集・比較を支援。事業用不動産の取得、運用、出口検討で参照しやすい。提供会社のボルテックスは区分所有オフィス、Vシェア、不動産開発などの不動産実業も行う。,買取再販会社|不動産投資会社|AM会社|PM会社|不動産ファンド|オフィス仲介・管理会社,仕入担当|投資検討担当|審査担当|開発担当|AM担当|PM担当|運用管理担当,ソーシング|事業企画|リーシング|売却出口戦略,物件情報や候補案件が分散し、検索・共有に時間がかかる,オフィス|マーケット情報|事業用不動産|ソーシング|事業企画|リーシング|売却出口戦略,情報共有と進捗確認をしやすくする|判断材料を整理し、説明品質を高める,対象アセットと対応エリア|既存CRM・物件管理・契約管理との連携可否|データ更新頻度と出典|料金体系とアカウント権限管理|提供会社またはグループ会社の不動産実業との関係
WealthPark Business,WealthPark株式会社,WP,不動産開発/不動産運用,賃貸住宅|収益不動産,PM/BM管理|賃貸借契約管理|レポーティング,PM|オーナーアプリ|レポーティング,不動産管理会社とオーナーのコミュニケーション、収支明細、報告書をデジタル化する。WealthParkは自社不動産事業や不動産売買仲介・海外アセットマネジメント等の実務知見も掲げている。,https://wealth-park.com/ja/business/,WealthParkは、自社不動産事業や不動産売買仲介・海外アセットマネジメント等の不動産実業に関する情報を公開しています。,不動産管理会社とオーナーのコミュニケーション、収支明細、報告書をデジタル化する。WealthParkは自社不動産事業や不動産売買仲介・海外アセットマネジメント等の実務知見も掲げている。,AM会社|PM会社|不動産ファンド,開発担当|AM担当|PM担当|運用管理担当|契約事務|法務・コンプライアンス担当,PM/BM管理|賃貸借契約管理|レポーティング,契約書類、確認依頼、進捗管理が紙・メールに依存しやすい|管理・工事・契約情報が分断され、二重入力や確認工数が発生する,PM|オーナーアプリ|レポーティング|PM/BM管理|賃貸借契約管理,情報共有と進捗確認をしやすくする|判断材料を整理し、説明品質を高める|紙・郵送・印紙・確認依頼に関わる負荷を減らす|運用データを蓄積し、レポーティングや改善検討に活用しやすくする,対象アセットと対応エリア|既存CRM・物件管理・契約管理との連携可否|データ更新頻度と出典|料金体系とアカウント権限管理|提供会社またはグループ会社の不動産実業との関係
GMO賃貸DX,GMO ReTech株式会社,GX,不動産開発/不動産運用,賃貸住宅,PM/BM管理|賃貸借契約管理|レポーティング,PM|入居者アプリ|オーナーアプリ,賃貸管理会社向けに、オーナー・入居者との連絡、報告、CRMをアプリで支援する。,https://chintaidx.com/,,賃貸管理会社向けに、オーナー・入居者との連絡、報告、CRMをアプリで支援する。,AM会社|PM会社|不動産ファンド,開発担当|AM担当|PM担当|運用管理担当|契約事務|法務・コンプライアンス担当,PM/BM管理|賃貸借契約管理|レポーティング,契約書類、確認依頼、進捗管理が紙・メールに依存しやすい|管理・工事・契約情報が分断され、二重入力や確認工数が発生する,PM|入居者アプリ|オーナーアプリ|PM/BM管理|賃貸借契約管理|レポーティング,情報共有と進捗確認をしやすくする|判断材料を整理し、説明品質を高める|紙・郵送・印紙・確認依頼に関わる負荷を減らす|運用データを蓄積し、レポーティングや改善検討に活用しやすくする,対象アセットと対応エリア|既存CRM・物件管理・契約管理との連携可否|データ更新頻度と出典|料金体系とアカウント権限管理
管理ロイド,株式会社THIRD,KR,不動産開発/不動産運用,オフィス|商業施設|賃貸住宅|建設/工事,PM/BM管理|建設・改修管理|修繕計画,BM|点検|AI,建物管理の点検・検針・清掃報告をアプリ化。報告書作成や履行管理を効率化する。,https://kanri-roid.app/,,建物管理の点検・検針・清掃報告をアプリ化。報告書作成や履行管理を効率化する。,AM会社|PM会社|不動産ファンド|オフィス仲介・管理会社|建設会社,開発担当|AM担当|PM担当|運用管理担当|工事管理担当,PM/BM管理|建設・改修管理|修繕計画,管理・工事・契約情報が分断され、二重入力や確認工数が発生する,BM|点検|AI|PM/BM管理|建設・改修管理|修繕計画,情報共有と進捗確認をしやすくする|判断材料を整理し、説明品質を高める|運用データを蓄積し、レポーティングや改善検討に活用しやすくする,対象アセットと対応エリア|既存CRM・物件管理・契約管理との連携可否|データ更新頻度と出典|料金体系とアカウント権限管理
ANDPAD,株式会社アンドパッド,AP,不動産開発/不動産運用,建設/工事|戸建|マンション|賃貸住宅|商業施設,建設・改修管理|修繕計画|レポーティング,施工管理|改修管理|現場DX,建設・リフォーム・不動産開発現場の工程、写真、図面、発注をクラウドで管理する。,https://andpad.jp/,,建設・リフォーム・不動産開発現場の工程、写真、図面、発注をクラウドで管理する。,AM会社|PM会社|不動産ファンド|建設会社,開発担当|AM担当|PM担当|運用管理担当|工事管理担当,建設・改修管理|修繕計画|レポーティング,管理・工事・契約情報が分断され、二重入力や確認工数が発生する,施工管理|改修管理|現場DX|建設・改修管理|修繕計画|レポーティング,情報共有と進捗確認をしやすくする|判断材料を整理し、説明品質を高める|運用データを蓄積し、レポーティングや改善検討に活用しやすくする,対象アセットと対応エリア|既存CRM・物件管理・契約管理との連携可否|データ更新頻度と出典|料金体系とアカウント権限管理
KANNA,株式会社アルダグラム,KN,不動産開発/不動産運用,建設/工事|マンション|賃貸住宅|オフィス,建設・改修管理|修繕計画|レポーティング,施工管理|改修管理|現場DX,現場写真、工程、図面、チャットを一元管理。改修工事や複数現場の進捗管理に使える。,https://kanna4u.com/,,現場写真、工程、図面、チャットを一元管理。改修工事や複数現場の進捗管理に使える。,AM会社|PM会社|不動産ファンド|オフィス仲介・管理会社|建設会社,開発担当|AM担当|PM担当|運用管理担当|工事管理担当,建設・改修管理|修繕計画|レポーティング,管理・工事・契約情報が分断され、二重入力や確認工数が発生する,施工管理|改修管理|現場DX|建設・改修管理|修繕計画|レポーティング,情報共有と進捗確認をしやすくする|判断材料を整理し、説明品質を高める|運用データを蓄積し、レポーティングや改善検討に活用しやすくする,対象アセットと対応エリア|既存CRM・物件管理・契約管理との連携可否|データ更新頻度と出典|料金体系とアカウント権限管理
SPIDERPLUS,スパイダープラス株式会社,S+,不動産開発/不動産運用,建設/工事|オフィス|マンション|商業施設,建設・改修管理|修繕計画|レポーティング,施工管理|図面管理|現場DX,建築図面・現場管理アプリ。大規模改修や開発現場の検査、図面、写真管理に向く。,https://spiderplus.co.jp/,,建築図面・現場管理アプリ。大規模改修や開発現場の検査、図面、写真管理に向く。,AM会社|PM会社|不動産ファンド|オフィス仲介・管理会社|建設会社,開発担当|AM担当|PM担当|運用管理担当|工事管理担当,建設・改修管理|修繕計画|レポーティング,管理・工事・契約情報が分断され、二重入力や確認工数が発生する,施工管理|図面管理|現場DX|建設・改修管理|修繕計画|レポーティング,情報共有と進捗確認をしやすくする|判断材料を整理し、説明品質を高める|運用データを蓄積し、レポーティングや改善検討に活用しやすくする,対象アセットと対応エリア|既存CRM・物件管理・契約管理との連携可否|データ更新頻度と出典|料金体系とアカウント権限管理
Musubell,株式会社DGコミュニケーションズ,MB,不動産売却|不動産仲介|不動産購入|不動産開発/不動産運用,マンション|戸建|土地|オフィス|商業施設|賃貸住宅,媒介契約|重要事項説明|売買契約|契約・決済|決済・引渡し|物件調査|売却活動管理|PM/BM管理|賃貸借契約管理,電子契約|契約書作成|案件管理|物件調査|顧客コミュニケーション,不動産に特化した販売・契約支援クラウドサービス。新築分譲、売買仲介、物件調査、管理業務で書類作成、電子契約、進捗管理、顧客コミュニケーションを一元化する。,https://www.musubell.com/,,不動産に特化した販売・契約支援クラウドサービス。新築分譲、売買仲介、物件調査、管理業務で書類作成、電子契約、進捗管理、顧客コミュニケーションを一元化する。,売買仲介会社|デベロッパー|販売代理会社|買取再販会社|マンション管理会社|PM会社,売却担当|売買仲介営業|契約担当|販売管理担当|物件調査担当|管理会社フロント担当,媒介契約|重要事項説明|売買契約|契約・決済|決済・引渡し|物件調査|売却活動管理|PM/BM管理,契約書類の作成・承認・保管が紙やメールに依存しやすい|重要事項説明書や売買契約書の作成に時間がかかる|物件調査結果や写真整理が属人化しやすい|契約・販売・管理の進捗を関係者で共有しづらい,電子契約|契約書作成|案件管理|物件調査|顧客コミュニケーション|書類管理|進捗管理,書類作成や社内承認の工数を削減する|紙・郵送・印紙・保管コストを減らす|契約者や関係者との情報共有を円滑にする|調査品質と契約書類の精度を標準化する,対象アセットと対応エリア|既存CRM・物件管理・契約管理との連携可否|データ更新頻度と出典|料金体系とアカウント権限管理
